TRADEDATE,BOARDID,WAPRICE,CLOSE,OPEN,HIGH,LOW,TRENDCLSPR,NUMTRADES,TradingVolume_RUB,TradingVolume_CONTR,OpenPositionsVolum_RUB,OpenPositionsVolum_CONTR,MarginRequirements
2021-01-05,BRG1,51.73,52.87,51.24,53.06,50.58,0.0258,154728.0,74458569937.0,1937554.0,14354505023.0,365456.0,10978.0
2021-01-06,BRG1,53.76,54.33,52.94,54.62,52.67,0.0288,193366.0,98866320215.0,2486797.0,17508172524.0,435758.0,11107.0
2021-01-08,BRG1,54.69,55.42,54.31,55.49,53.11,0.02,142468.0,71925211898.0,1768768.0,18937569926.0,459570.0,9046.0
2021-01-11,BRG1,55.41,55.56,55.43,56.16,55.01,0.0018,125354.0,56102626259.0,1354714.0,19055391580.0,458902.0,9078.0
2021-01-12,BRG1,56.23,56.49,55.6,56.77,55.38,0.0158,139047.0,89514883910.0,2159580.0,40764531536.0,978984.0,9156.0
2021-01-13,BRG1,56.54,56.48,56.56,57.3,55.82,-0.0005,125746.0,55427166250.0,1331222.0,41565164262.0,999294.0,9105.0
2021-01-14,BRG1,55.92,55.48,56.4,56.53,55.28,-0.0163,123295.0,52323650295.0,1274476.0,41674261085.0,1023198.0,6697.0
2021-01-15,BRG1,55.59,54.97,55.57,56.55,54.71,-0.009399999999999999,128626.0,62498409339.0,1523055.0,43853250001.0,1080704.0,6603.0
2021-01-18,BRG1,54.97,54.96,54.94,55.25,54.56,-0.0004,113563.0,54507395628.0,1335991.0,42172419921.0,1033862.0,6666.0
2021-01-19,BRG1,55.43,55.95,54.96,56.07,54.74,0.018000000000000002,107806.0,45161546613.0,1103986.0,44017370382.0,1066014.0,6726.0
2021-01-20,BRG1,56.27,56.4,55.94,56.65,55.76,0.0068000000000000005,119097.0,47058194555.0,1138353.0,43930640406.0,1060252.0,6742.0
2021-01-21,BRG1,55.9,55.93,56.34,56.49,55.5,-0.0075,117432.0,46168783079.0,1121567.0,43215532775.0,1049304.0,6687.0
2021-01-22,BRG1,55.29,55.61,55.95,56.25,54.5,-0.0068000000000000005,151275.0,73624975663.0,1777548.0,41282915874.0,990910.0,6723.0
2021-01-25,BRG1,55.53,55.67,55.49,56.0,55.11,0.0022,125374.0,59039032045.0,1404243.0,42297729591.0,1003472.0,6739.0
2021-01-26,BRG1,55.9,55.96,55.54,56.36,55.14,0.005,119572.0,54584828110.0,1301555.0,40342822107.0,960852.0,6790.0
2021-01-27,BRG1,55.87,56.18,55.9,56.49,55.18,0.0063,106244.0,59190080180.0,1399778.0,30423279308.0,715558.0,6787.0
2021-01-28,BRG1,56.0,55.62,56.2,56.59,55.32,-0.0101,99531.0,55228759140.0,1296178.0,16627181582.0,392892.0,6778.0
2021-01-29,BRG1,55.79,56.08,55.74,56.37,55.02,0.006500000000000001,74669.0,26606529273.0,632936.0,10350974613.0,244974.0,6791.0
2021-02-02,BRH1,57.13,57.77,55.66,58.05,55.45,0.0384,158139.0,81222376412.0,1878699.0,30323310413.0,693570.0,7356.0
2021-02-03,BRH1,58.03,58.63,57.85,58.73,57.32,0.0149,131417.0,62392539371.0,1414890.0,32080644087.0,720016.0,7465.0
2021-02-04,BRH1,58.68,58.4,58.7,59.04,58.08,-0.0048,125074.0,72193671223.0,1625946.0,40294109204.0,911892.0,7364.0
2021-02-05,BRH1,59.27,59.54,58.42,59.9,58.28,0.02,126411.0,55624565819.0,1256469.0,38906571181.0,874822.0,7408.0
2021-02-08,BRH1,60.0,60.33,59.58,60.43,59.25,0.0131,105158.0,60598617648.0,1360191.0,47751904299.0,1065900.0,7449.0
2021-02-09,BRH1,60.61,60.59,60.32,61.28,60.09,0.0026,127193.0,59795990859.0,1332279.0,48005109458.0,1069906.0,7416.0
2021-02-10,BRH1,61.21,61.26,60.66,61.63,60.62,0.0139,117249.0,54453315252.0,1204120.0,49031890577.0,1083384.0,7464.0
2021-02-11,BRH1,61.28,61.38,61.4,61.71,60.84,0.0006,97501.0,42627130075.0,945118.0,47164067256.0,1044006.0,7453.0
2021-02-12,BRH1,61.0,61.55,61.36,61.68,60.37,0.0033,117167.0,56105602971.0,1243837.0,48376723114.0,1062850.0,7483.0
2021-02-15,BRH1,62.82,63.31,61.6,63.57,61.48,0.0292,137698.0,69968916415.0,1518750.0,48597986203.0,1046640.0,7583.0
2021-02-16,BRH1,63.14,63.04,63.4,63.73,62.7,-0.0052,119544.0,81045409311.0,1743019.0,39271210424.0,845916.0,7527.0
2021-02-17,BRH1,63.73,63.72,63.15,64.73,62.84,0.0098,175947.0,93254529984.0,1974054.0,40679725517.0,861292.0,7658.0
2021-02-18,BRH1,64.47,64.19,63.65,65.14,63.53,0.0077,170364.0,108770766341.0,2276769.0,50947230059.0,1071024.0,7687.0
2021-02-19,BRH1,63.45,63.62,64.22,64.62,62.5,-0.0095,215130.0,119620897676.0,2549226.0,47941871883.0,1018992.0,7617.0
2021-02-20,BRH1,63.04,62.72,63.71,63.79,62.5,-0.013500000000000002,72822.0,42853935040.0,918025.0,46225205674.0,995252.0,7479.0
2021-02-22,BRH1,63.85,64.52,62.74,64.75,62.66,0.028999999999999998,88009.0,41231922068.0,868392.0,48143932322.0,1003424.0,7738.0
2021-02-24,BRH1,65.75,67.13,64.53,67.21,64.36,0.0406,152809.0,79503513664.0,1639454.0,46416110725.0,937510.0,7929.0
2021-02-25,BRH1,67.2,66.89,67.03,67.73,66.49,-0.003,138218.0,104124389506.0,2092775.0,28319619749.0,571826.0,7872.0
2021-02-26,BRH1,66.35,66.11,66.92,67.28,65.71,-0.0126,108852.0,61598055647.0,1240507.0,15985508963.0,323120.0,7830.0
2021-03-02,BRJ1,63.63,63.7,64.79,65.09,62.67,-0.017,218992.0,112820526380.0,2400923.0,48304022475.0,1026890.0,8015.0
2021-03-03,BRJ1,63.47,64.02,63.67,64.2,62.56,0.004699999999999999,221062.0,118911835263.0,2532309.0,49624548810.0,1047736.0,7953.0
2021-03-04,BRJ1,64.6,66.1,63.95,66.17,63.39,0.0346,279939.0,150423840820.0,3160984.0,49643305954.0,1019452.0,8197.0
2021-03-05,BRJ1,67.92,68.86,66.21,69.36,66.21,0.039599999999999996,305419.0,165621542844.0,3284483.0,49552889730.0,969262.0,8560.0
2021-03-09,BRJ1,68.62,68.1,68.85,69.64,67.65,-0.009300000000000001,252818.0,136121755517.0,2685532.0,52759736291.0,1048766.0,8385.0
2021-03-10,BRJ1,67.66,67.89,68.19,68.45,66.55,-0.0034000000000000002,278209.0,149607616101.0,2993702.0,51250497930.0,1022034.0,8344.0
2021-03-11,BRJ1,68.3,69.19,67.77,69.33,66.83,0.019,243557.0,137225752146.0,2731495.0,52743118824.0,1036414.0,8450.0
2021-03-12,BRJ1,69.46,69.32,69.28,69.92,68.99,0.0014000000000000002,177926.0,101693519210.0,1991872.0,52484608694.0,1030148.0,8392.0
2021-03-15,BRJ1,68.93,68.17,69.36,70.03,67.86,-0.016200000000000003,209717.0,113318774081.0,2247771.0,53352769004.0,1070082.0,8189.0
2021-03-16,BRJ1,68.16,68.08,68.25,69.08,67.39,-0.0013,196658.0,103125253385.0,2077662.0,51750538898.0,1043880.0,8138.0
2021-03-17,BRJ1,68.0,67.67,68.14,68.9,67.26,-0.006500000000000001,212460.0,110211847344.0,2194549.0,53737524291.0,1075184.0,8099.0
2021-03-18,BRJ1,66.86,65.36,67.68,68.18,64.98,-0.0334,292944.0,173772097442.0,3500341.0,60020539227.0,1236752.0,7867.0
2021-03-19,BRJ1,63.36,63.81,65.42,65.77,61.5,-0.024,537924.0,306601060487.0,6521435.0,61770619331.0,1304562.0,7645.0
2021-03-22,BRJ1,64.41,64.71,63.81,65.08,63.46,0.013600000000000001,282131.0,154331480871.0,3203059.0,58743948610.0,1213566.0,7808.0
2021-03-23,BRJ1,62.79,61.96,64.6,64.82,61.45,-0.041299999999999996,333740.0,180127823842.0,3774980.0,60225107886.0,1278974.0,7606.0
2021-03-24,BRJ1,61.99,63.62,61.88,63.84,60.26,0.0252,371625.0,179533965707.0,3792307.0,58464393135.0,1203232.0,7806.0
2021-03-25,BRJ1,62.97,61.69,63.64,64.56,61.0,-0.0322,383150.0,193208268327.0,4010187.0,57644254467.0,1221326.0,7541.0
2021-03-26,BRJ1,63.1,64.5,61.7,64.59,61.46,0.048600000000000004,294602.0,150243675198.0,3139790.0,51906705759.0,1061188.0,7845.0
2021-03-29,BRJ1,64.34,64.6,64.55,65.49,63.16,0.0008,276712.0,136973400333.0,2808147.0,50915263664.0,1039686.0,7843.0
2021-03-30,BRJ1,64.34,64.25,64.56,65.25,63.52,-0.0042,210798.0,132038169162.0,2700072.0,33371402714.0,683376.0,7772.0
2021-03-31,BRJ1,64.06,63.91,64.23,64.81,63.56,-0.0062,105228.0,40148732289.0,829587.0,25733035590.0,532960.0,7674.0
2021-04-02,BRK1,64.49,64.64,63.2,65.2,63.2,0.022799999999999997,128568.0,49877468583.0,1011872.0,55936224679.0,1132180.0,8316.0
2021-04-05,BRK1,63.5,62.79,64.61,64.96,62.65,-0.0291,233575.0,101929948293.0,2107731.0,60919338100.0,1273912.0,8074.0
2021-04-06,BRK1,62.99,63.41,62.67,64.31,61.3,0.009899999999999999,403880.0,197920022113.0,4066958.0,57503116835.0,1173762.0,8150.0
2021-04-07,BRK1,62.8,61.93,63.32,63.56,61.82,-0.0215,362675.0,154177168699.0,3184837.0,59746680450.0,1251502.0,8058.0
2021-04-08,BRK1,62.85,63.35,61.92,63.44,61.63,0.020499999999999997,284695.0,133256015410.0,2765153.0,56592805634.0,1165080.0,8180.0
2021-04-09,BRK1,63.05,63.16,63.26,63.45,62.62,-0.002,191573.0,85952044181.0,1762727.0,54818601282.0,1122196.0,8113.0
2021-04-12,BRK1,63.48,63.42,63.05,64.33,62.46,0.0044,229719.0,105638960563.0,2148767.0,55596760330.0,1131872.0,8133.0
2021-04-13,BRK1,63.69,63.94,63.41,64.21,63.07,0.0079,186274.0,79265931526.0,1622240.0,55590287796.0,1133232.0,8171.0
2021-04-14,BRK1,64.97,66.27,63.93,66.46,63.58,0.0371,222797.0,101340401527.0,2064181.0,55392381140.0,1106134.0,8304.0
2021-04-15,BRK1,66.54,66.6,66.43,66.97,65.99,0.0051,180518.0,86600329121.0,1705271.0,55402782923.0,1089964.0,8450.0
2021-04-16,BRK1,66.97,66.83,66.68,67.42,66.49,0.0033,141765.0,65607711542.0,1292189.0,56144638450.0,1108202.0,8307.0
2021-04-19,BRK1,66.8,66.84,66.83,67.25,66.41,-0.0004,125666.0,58423227969.0,1146368.0,56890254223.0,1115668.0,8334.0
2021-04-20,BRK1,67.01,66.39,66.84,68.1,65.55,-0.0066,228883.0,113639965294.0,2204659.0,57642934242.0,1128658.0,8275.0
2021-04-21,BRK1,65.89,65.88,66.36,66.65,65.0,-0.0072,215622.0,100394926324.0,1989822.0,56710915179.0,1124162.0,8219.0
2021-04-22,BRK1,65.27,65.55,65.97,66.09,64.61,-0.0052,213683.0,109437546468.0,2213935.0,58323731167.0,1174848.0,8126.0
2021-04-23,BRK1,65.62,65.7,65.46,66.31,65.04,0.0023,175031.0,79463739337.0,1615952.0,55398172994.0,1125266.0,7963.0
2021-04-26,BRK1,65.33,65.66,65.81,66.23,64.58,-0.0003,188231.0,82168092789.0,1680485.0,55435234741.0,1128138.0,7942.0
2021-04-27,BRK1,65.98,65.9,65.7,66.46,65.52,0.0036,181181.0,112539543598.0,2278689.0,31319503594.0,634960.0,7949.0
2021-04-28,BRK1,66.82,67.7,65.92,67.85,65.86,0.026099999999999998,135841.0,60000061738.0,1202132.0,30177893995.0,596738.0,8126.0
2021-04-29,BRK1,68.02,68.12,67.64,68.96,66.94,0.0078000000000000005,121700.0,59609520645.0,1176679.0,29089337138.0,573402.0,8230.0
2021-04-30,BRK1,67.8,67.26,68.15,68.69,67.08,-0.0132,93631.0,42482089035.0,833661.0,21810608626.0,431450.0,8137.0
2021-05-05,BRM1,69.46,69.46,68.82,69.99,68.41,0.0083,171770.0,84224935174.0,1621882.0,60845037155.0,1171592.0,8694.0
2021-05-06,BRM1,68.73,68.63,69.4,69.58,68.0,-0.011699999999999999,223609.0,107596696971.0,2106375.0,58810712629.0,1152922.0,8551.0
2021-05-07,BRM1,68.09,68.33,68.56,68.67,67.43,-0.0044,198574.0,100157989915.0,1997395.0,58677360571.0,1166018.0,8404.0
2021-05-10,BRM1,68.44,68.19,68.37,69.12,67.46,-0.0018,158250.0,77113547378.0,1519813.0,59999012973.0,1186756.0,8354.0
2021-05-11,BRM1,67.97,68.31,68.24,68.64,67.15,0.0019,188640.0,95434640672.0,1895667.0,58207913438.0,1150422.0,8351.0
2021-05-12,BRM1,69.17,69.57,68.35,69.91,68.23,0.018600000000000002,206540.0,106799115462.0,2073414.0,58030885650.0,1120096.0,8524.0
2021-05-13,BRM1,68.15,67.45,69.5,69.71,67.29,-0.0315,248231.0,121981859330.0,2418656.0,66831891797.0,1338870.0,8265.0
2021-05-14,BRM1,67.59,68.39,67.39,68.6,66.52,0.0148,237462.0,122480305426.0,2449971.0,59320182596.0,1172626.0,8285.0
2021-05-17,BRM1,68.79,69.43,68.44,69.45,68.22,0.0148,168464.0,82479489089.0,1621471.0,57311059027.0,1116224.0,8391.0
2021-05-18,BRM1,69.6,69.2,69.44,70.25,68.86,-0.0022,166204.0,88510070853.0,1724485.0,59560400308.0,1167134.0,8313.0
2021-05-19,BRM1,67.18,66.39,69.22,69.22,65.32,-0.04190000000000001,330596.0,172871902790.0,3489776.0,72237794340.0,1475566.0,7963.0
2021-05-20,BRM1,66.2,66.29,66.4,67.2,65.2,-0.0015,280769.0,143123110887.0,2940675.0,66637176960.0,1367292.0,7922.0
2021-05-21,BRM1,65.76,66.86,66.3,66.92,64.59,0.0084,272731.0,132698850761.0,2746972.0,63074819988.0,1284148.0,7921.0
2021-05-24,BRM1,67.37,68.17,66.83,68.2,66.39,0.0202,193348.0,88025140587.0,1778716.0,60413584962.0,1206376.0,8077.0
2021-05-25,BRM1,68.38,68.63,68.11,68.91,67.85,0.0068000000000000005,188220.0,85687704667.0,1705683.0,57014900999.0,1130778.0,8098.0
2021-05-26,BRM1,68.57,68.91,68.61,69.18,68.01,0.0038,163604.0,119194423194.0,2363703.0,29569154584.0,583522.0,8135.0
2021-05-27,BRM1,68.62,69.09,68.86,69.21,68.11,0.0026,111895.0,50453690641.0,1000783.0,27192462990.0,535748.0,8115.0
2021-05-28,BRM1,69.54,69.78,69.14,69.91,69.04,0.0104,90214.0,36774347095.0,721694.0,24636690645.0,481830.0,8161.0
2021-06-01,BRN1,70.68,70.22,69.42,71.37,69.26,0.0121,188835.0,97860328131.0,1883381.0,61066187855.0,1182934.0,8704.0
2021-06-02,BRN1,70.74,71.05,70.37,71.19,70.12,0.0101,150529.0,69273187869.0,1337652.0,62595183335.0,1203464.0,8792.0
2021-06-03,BRN1,71.41,71.04,71.08,71.96,70.69,-0.0006,172178.0,90220818643.0,1725399.0,64372065480.0,1237412.0,8737.0
2021-06-04,BRN1,71.6,71.54,71.05,72.18,70.98,0.008199999999999999,133414.0,67470713237.0,1293748.0,67126422692.0,1288192.0,8751.0
2021-06-07,BRN1,71.57,71.49,71.59,71.98,71.15,-0.0011,121258.0,58228763338.0,1116441.0,67720617924.0,1299906.0,8685.0
2021-06-08,BRN1,71.25,71.81,71.55,71.91,70.75,0.005,156183.0,85720922457.0,1661594.0,69084728152.0,1328762.0,8678.0
2021-06-09,BRN1,72.43,72.11,71.9,72.9,71.72,0.0036,159849.0,73937260458.0,1412035.0,69124698382.0,1326058.0,8641.0
2021-06-10,BRN1,72.32,72.64,72.09,72.96,71.63,0.0072,151482.0,70862687906.0,1363273.0,70025409486.0,1341198.0,8690.0
2021-06-11,BRN1,72.33,72.72,72.6,73.1,71.0,0.001,182410.0,95223241885.0,1826672.0,70132604133.0,1338208.0,8580.0
2021-06-14,BRN1,73.16,73.18,72.79,73.65,72.55,0.0067,110665.0,50674804261.0,960881.0,70844424347.0,1342980.0,8693.0
2021-06-15,BRN1,73.36,73.68,73.2,73.91,72.73,0.0067,137364.0,64583612294.0,1218007.0,74875980440.0,1405958.0,8690.0
2021-06-16,BRN1,74.3,74.79,73.66,74.95,73.57,0.0152,164054.0,75963369313.0,1420686.0,77259262577.0,1435546.0,8814.0
2021-06-17,BRN1,74.03,73.07,74.83,74.9,73.03,-0.0231,199419.0,104329227983.0,1948897.0,75195819475.0,1423184.0,8666.0
2021-06-18,BRN1,72.85,73.66,73.03,73.76,72.06,0.0079,195150.0,106142206122.0,2003264.0,76274609084.0,1423714.0,8636.0
2021-06-21,BRN1,73.75,74.5,73.68,74.55,73.0,0.0121,163322.0,81288183658.0,1506479.0,75136213923.0,1378506.0,8819.0
2021-06-22,BRN1,74.76,74.69,74.57,75.32,74.34,0.0022,158319.0,87737210765.0,1605336.0,75211289741.0,1377452.0,8836.0
2021-06-23,BRN1,75.43,75.63,74.72,76.03,74.53,0.012199999999999999,137681.0,78934159297.0,1442587.0,74906184372.0,1365396.0,8861.0
2021-06-24,BRN1,75.21,75.44,75.64,75.78,74.54,-0.0021,133125.0,73146903417.0,1345559.0,71485368240.0,1310962.0,8781.0
2021-06-25,BRN1,75.51,75.99,75.43,76.04,74.97,0.0074,139872.0,84564874137.0,1551327.0,56018370676.0,1021094.0,8772.0
2021-06-28,BRN1,75.88,75.11,76.03,76.29,75.05,-0.0124,95795.0,63990137480.0,1167975.0,34243238942.0,631454.0,8658.0
2021-06-29,BRN1,74.71,75.1,75.08,75.49,73.9,-0.0008,96004.0,49183998836.0,904506.0,32498857295.0,594570.0,8687.0
2021-06-30,BRN1,75.03,75.07,75.02,75.62,74.38,0.0009,56394.0,25067175800.0,456801.0,27411395705.0,499278.0,8732.0
2021-07-02,BRQ1,75.75,76.05,75.73,76.25,75.27,0.0034000000000000002,172213.0,91033184520.0,1637851.0,55057861006.0,986720.0,9424.0
2021-07-05,BRQ1,76.33,76.78,76.06,76.97,75.81,0.01,130330.0,75454856298.0,1345324.0,57561062237.0,1020338.0,9464.0
2021-07-06,BRQ1,76.26,74.81,76.85,77.83,74.5,-0.026699999999999998,238228.0,141152408517.0,2492040.0,53328219250.0,959784.0,9214.0
2021-07-07,BRQ1,74.44,73.14,74.72,75.98,72.63,-0.0231,296041.0,178380410509.0,3205046.0,53211612168.0,973128.0,9087.0
2021-07-08,BRQ1,73.09,73.87,73.0,73.91,72.13,0.010700000000000001,232632.0,130523745433.0,2389407.0,51438001292.0,931714.0,9275.0
2021-07-09,BRQ1,74.72,75.69,73.85,75.81,73.6,0.0245,171336.0,91927383070.0,1656371.0,54861359894.0,975896.0,9334.0
2021-07-12,BRQ1,74.89,75.21,75.59,75.76,74.27,-0.0058,186093.0,104914982673.0,1882880.0,54442399835.0,972942.0,9307.0
2021-07-13,BRQ1,75.43,75.95,75.15,76.0,74.77,0.0101,161379.0,80369658019.0,1438444.0,55147748509.0,980330.0,9298.0
2021-07-14,BRQ1,76.23,75.72,76.0,76.74,75.33,-0.0018,211977.0,116272523799.0,2054112.0,53434214367.0,950294.0,9264.0
2021-07-15,BRQ1,74.14,74.44,75.8,75.8,73.23,-0.0179,271306.0,143264835429.0,2603525.0,50832570290.0,920072.0,9092.0
2021-07-16,BRQ1,73.45,73.8,74.38,74.47,72.37,-0.0089,233220.0,125774230975.0,2310631.0,52034795553.0,951460.0,8953.0
2021-07-19,BRQ1,71.17,69.31,73.81,73.98,69.08,-0.061200000000000004,305906.0,186041787191.0,3505697.0,64795865047.0,1253764.0,8443.0
2021-07-20,BRQ1,68.72,69.33,69.3,69.62,67.46,0.0014000000000000002,355986.0,180331112815.0,3522300.0,64157038384.0,1242196.0,8420.0
2021-07-21,BRQ1,70.5,72.07,69.44,72.12,68.84,0.0392,256200.0,125564414832.0,2409003.0,52312652315.0,981770.0,8711.0
2021-07-22,BRQ1,72.5,72.75,72.12,73.09,71.77,0.0097,208604.0,100492889376.0,1874986.0,50330537319.0,935842.0,8715.0
2021-07-23,BRQ1,73.6,73.82,72.87,73.98,72.87,0.013999999999999999,159244.0,85119094053.0,1568561.0,51730156408.0,950492.0,8765.0
2021-07-26,BRQ1,73.74,74.11,73.75,74.49,72.76,0.0039000000000000003,193024.0,96397670685.0,1773336.0,49864541031.0,912784.0,8839.0
2021-07-27,BRQ1,74.57,74.27,74.03,75.02,73.77,0.0026,141430.0,71896008477.0,1306381.0,47749189702.0,871100.0,8799.0
2021-07-28,BRQ1,74.73,74.75,74.33,75.32,74.03,0.0066,135876.0,98845244754.0,1794934.0,30647746064.0,556412.0,8811.0
2021-07-29,BRQ1,75.15,75.66,74.66,75.72,74.55,0.0118,79394.0,38211942935.0,695562.0,26806967693.0,484668.0,8854.0
2021-07-30,BRQ1,75.9,76.3,75.66,76.37,75.36,0.0088,70100.0,31435938375.0,566586.0,23026622658.0,412866.0,8849.0
2021-08-03,BRU1,72.3,72.36,72.8,73.58,71.09,-0.0062,274166.0,135929077076.0,2573893.0,56485028214.0,1068698.0,8874.0
2021-08-04,BRU1,71.62,70.41,72.38,72.86,70.37,-0.0268,277526.0,144214247477.0,2747744.0,57588668305.0,1116048.0,8628.0
2021-08-05,BRU1,70.6,71.35,70.57,71.52,69.8,0.0131,288668.0,147670208488.0,2863459.0,61410604043.0,1178326.0,8752.0
2021-08-06,BRU1,71.57,70.64,71.34,72.45,70.36,-0.0108,249169.0,123568136086.0,2351046.0,55710659721.0,1073916.0,8620.0
2021-08-09,BRU1,68.78,68.97,70.69,71.18,67.65,-0.0227,309112.0,153846263428.0,3036691.0,61479902688.0,1210200.0,8430.0
2021-08-10,BRU1,70.0,70.91,69.0,71.15,68.58,0.0275,254022.0,123693151458.0,2390161.0,56220617503.0,1072432.0,8667.0
2021-08-11,BRU1,70.19,69.83,70.89,71.27,69.11,-0.0151,285026.0,134622562168.0,2600140.0,58293044798.0,1131668.0,8568.0
2021-08-12,BRU1,71.29,71.33,69.85,71.92,69.85,0.022099999999999998,237643.0,122571028801.0,2337103.0,55266657613.0,1053210.0,8669.0
2021-08-13,BRU1,71.11,70.88,71.36,71.62,70.49,-0.0064,171227.0,81642083258.0,1568455.0,57532614886.0,1108844.0,8557.0
2021-08-16,BRU1,69.46,69.83,70.85,70.89,68.19,-0.0152,310922.0,163021036706.0,3202716.0,61178273828.0,1195588.0,8406.0
2021-08-17,BRU1,69.46,69.61,69.83,70.05,68.88,-0.0032,228707.0,118431213359.0,2319231.0,59958193106.0,1171612.0,8372.0
2021-08-18,BRU1,69.41,68.83,69.57,70.08,68.6,-0.0138,281097.0,133248056996.0,2600469.0,61023741027.0,1200920.0,8283.0
2021-08-19,BRU1,66.76,65.97,68.65,68.76,65.58,-0.038599999999999995,414354.0,202949413657.0,4092266.0,64832046550.0,1323012.0,7971.0
2021-08-20,BRU1,66.13,65.86,66.02,67.05,65.09,-0.0017000000000000001,304648.0,147283766986.0,2993528.0,64109494960.0,1308270.0,7948.0
2021-08-23,BRU1,67.22,68.65,65.84,68.91,65.04,0.0408,324057.0,173593782439.0,3482872.0,57994126902.0,1139400.0,8219.0
2021-08-24,BRU1,69.75,70.58,68.66,71.03,68.42,0.0296,268237.0,159300558670.0,3096118.0,51467648835.0,988486.0,8418.0
2021-08-25,BRU1,71.23,71.56,70.62,71.87,70.52,0.0132,267714.0,147798834553.0,2803083.0,48671199566.0,918816.0,8494.0
2021-08-26,BRU1,71.73,71.43,71.59,78.69,71.22,-0.0018,226271.0,146364783233.0,2750089.0,46394597537.0,875344.0,8495.0
2021-08-27,BRU1,71.88,72.54,71.49,72.57,70.68,0.015700000000000002,156638.0,86447415878.0,1634128.0,45128725518.0,845272.0,8577.0
2021-08-30,BRU1,72.45,72.99,72.51,73.19,72.01,0.0068000000000000005,101165.0,85842723169.0,1613244.0,23053961327.0,430020.0,8554.0
2021-08-31,BRU1,73.07,73.02,73.04,73.54,72.6,0.0003,50224.0,26375401936.0,492391.0,17241109882.0,322080.0,8506.0
2021-09-02,BRV1,72.2,73.39,70.95,73.49,70.95,0.0352,197086.0,109782831690.0,2088972.0,48214161188.0,902570.0,8994.0
2021-09-03,BRV1,73.21,72.96,73.32,73.73,72.75,-0.005699999999999999,185179.0,108337039582.0,2035815.0,47498504886.0,895650.0,8889.0
2021-09-06,BRV1,72.32,72.2,72.94,72.96,71.61,-0.011000000000000001,166472.0,97523434062.0,1845911.0,48619683466.0,921794.0,8800.0
2021-09-07,BRV1,72.01,71.82,72.21,72.83,71.16,-0.0051,206098.0,124506288686.0,2358861.0,49801282229.0,946080.0,8772.0
2021-09-08,BRV1,72.21,72.51,71.81,72.97,71.3,0.0095,187089.0,108320037984.0,2044768.0,51074939985.0,960152.0,8849.0
2021-09-09,BRV1,72.45,72.46,72.6,73.24,71.3,-0.0016,233918.0,147798830144.0,2797889.0,51543708440.0,975636.0,8782.0
2021-09-10,BRV1,72.28,72.74,72.49,73.16,70.93,0.0054,215527.0,128933244672.0,2439971.0,50221796023.0,944432.0,8741.0
2021-09-13,BRV1,73.45,73.57,72.79,73.95,72.73,0.0102,184936.0,108925035972.0,2039444.0,51921062868.0,970600.0,8843.0
2021-09-14,BRV1,73.92,73.71,73.5,74.29,73.32,0.0026,157599.0,96053205811.0,1785269.0,51666693904.0,963086.0,8836.0
2021-09-15,BRV1,74.78,75.76,73.74,76.14,73.12,0.0282,210839.0,128014324994.0,2361377.0,58850377866.0,1071546.0,9028.0
2021-09-16,BRV1,75.22,75.19,75.77,75.81,74.52,-0.0086,177559.0,111489723169.0,2042925.0,56342658903.0,1032896.0,8922.0
2021-09-17,BRV1,75.25,74.87,75.14,75.89,74.61,-0.0043,164723.0,107609929876.0,1964402.0,54924977089.0,1007682.0,8849.0
2021-09-20,BRV1,74.49,74.5,74.8,75.5,73.61,-0.0043,243256.0,150966860812.0,2757741.0,57727165224.0,1054332.0,8875.0
2021-09-21,BRV1,74.27,74.22,74.48,75.19,73.29,-0.004,237984.0,151257662840.0,2785011.0,50069687820.0,922522.0,8808.0
2021-09-22,BRV1,75.19,75.7,74.17,75.86,73.97,0.0206,191467.0,111324307670.0,2036371.0,50654455635.0,920286.0,8907.0
2021-09-23,BRV1,76.26,77.18,75.77,77.28,75.63,0.019,201938.0,110087712173.0,1982390.0,58913214975.0,1048190.0,9050.0
2021-09-24,BRV1,77.41,77.82,77.15,78.02,76.88,0.0079,159010.0,81042321602.0,1437305.0,60575885325.0,1068668.0,9095.0
2021-09-27,BRV1,79.09,79.5,77.85,79.91,77.74,0.022099999999999998,169177.0,92306533628.0,1610319.0,59261230710.0,1028536.0,9238.0
2021-09-28,BRV1,79.79,78.69,79.49,80.75,78.35,-0.0102,186241.0,137244043054.0,2358657.0,35495699885.0,618574.0,9129.0
2021-09-29,BRV1,78.51,78.88,78.65,79.42,77.54,0.0027,149861.0,71742492775.0,1254945.0,30407628975.0,529414.0,9142.0
2021-09-30,BRV1,78.31,78.56,78.93,79.3,77.64,-0.0040999999999999995,104175.0,51236602615.0,900464.0,12927793493.0,226466.0,9095.0
2021-10-04,BRX1,80.33,81.57,78.63,82.03,78.49,0.0378,239202.0,143708006829.0,2465604.0,52022036838.0,878942.0,9997.0
2021-10-05,BRX1,82.15,82.84,81.61,83.14,81.17,0.0138,219113.0,132997266541.0,2238845.0,53526800242.0,893580.0,10086.0
2021-10-06,BRX1,82.17,81.08,82.77,83.52,80.83,-0.0199,284753.0,158120077855.0,2655008.0,51881800832.0,882824.0,9858.0
2021-10-07,BRX1,80.59,81.89,81.19,82.08,79.11,0.0106,319303.0,168836157807.0,2915476.0,53080237974.0,902002.0,9869.0
2021-10-08,BRX1,82.8,83.07,81.97,83.45,81.81,0.013999999999999999,219081.0,109574707207.0,1844576.0,53219845720.0,892978.0,9934.0
2021-10-11,BRX1,83.65,83.95,83.04,84.63,81.98,0.009899999999999999,251169.0,125326520928.0,2091596.0,53264483359.0,885776.0,9963.0
2021-10-12,BRX1,83.66,83.4,83.95,84.26,82.76,-0.0062,238647.0,117532676345.0,1955628.0,53231548713.0,888444.0,9908.0
2021-10-13,BRX1,83.0,83.3,83.45,83.75,82.27,-0.0012,189551.0,95658915758.0,1599385.0,53952844745.0,898790.0,9874.0
2021-10-14,BRX1,83.85,83.41,83.35,84.52,83.13,0.0018,175190.0,87407624965.0,1457598.0,53632474449.0,899122.0,9843.0
2021-10-15,BRX1,84.62,84.84,83.5,85.11,83.5,0.0168,171369.0,78614213690.0,1309084.0,54222993426.0,900558.0,9888.0
2021-10-18,BRX1,85.27,84.75,84.86,86.01,84.23,-0.0016,233228.0,114813536639.0,1888408.0,54538846267.0,902574.0,9866.0
2021-10-19,BRX1,84.56,84.95,84.65,85.16,83.74,0.0031,254971.0,122700909020.0,2046762.0,58741637814.0,975318.0,9815.0
2021-10-20,BRX1,84.67,85.22,85.0,85.42,83.65,0.0026,207503.0,103693855098.0,1727785.0,59865225591.0,991006.0,9839.0
2021-10-21,BRX1,84.9,83.65,85.2,85.9,83.38,-0.0182,238795.0,128680716833.0,2129972.0,56986270794.0,957342.0,9658.0
2021-10-22,BRX1,84.78,84.8,83.68,85.59,83.68,0.0144,211349.0,107567715361.0,1802061.0,59205553384.0,991662.0,9596.0
2021-10-25,BRX1,86.11,86.41,84.85,86.72,84.85,0.018000000000000002,169640.0,83617598079.0,1389420.0,58729365976.0,972516.0,9728.0
2021-10-27,BRX1,85.44,84.95,86.33,86.52,84.5,-0.0174,170222.0,88472063758.0,1469384.0,45050869391.0,752578.0,9572.0
2021-10-28,BRX1,83.83,83.79,84.8,84.9,82.64,-0.0126,162994.0,78359115930.0,1330692.0,40933180940.0,695468.0,9455.0
2021-10-29,BRX1,84.22,84.33,83.7,84.85,83.24,0.0066,100466.0,45146051547.0,756048.0,33249127185.0,556094.0,9475.0
2021-11-02,BRZ1,84.57,84.38,84.68,85.3,83.8,-0.0027,231036.0,120654925077.0,1992728.0,51933978585.0,859664.0,10196.0
2021-11-03,BRZ1,83.22,82.39,84.32,84.79,81.94,-0.0255,253639.0,135489941878.0,2254748.0,54947355594.0,923618.0,9935.0
2021-11-05,BRZ1,81.45,82.61,82.24,82.9,80.31,0.0055000000000000005,315647.0,175812788160.0,3032074.0,62196214038.0,1057560.0,9858.0
2021-11-08,BRZ1,83.32,83.23,82.77,83.99,82.5,0.0070999999999999995,218980.0,128723288820.0,2167656.0,57700418095.0,972700.0,9890.0
2021-11-09,BRZ1,83.71,83.78,83.27,84.23,83.15,0.0064,201307.0,103758280456.0,1751731.0,56263956332.0,949136.0,9874.0
2021-11-10,BRZ1,84.73,84.46,83.87,85.45,83.66,0.008,227916.0,123623900202.0,2059215.0,61241190431.0,1023306.0,9904.0
2021-11-11,BRZ1,82.85,82.94,84.44,84.44,81.7,-0.018799999999999997,355282.0,186750976440.0,3166961.0,57661112150.0,976760.0,9761.0
2021-11-12,BRZ1,82.12,82.28,82.96,83.25,81.3,-0.0076,237098.0,122116660042.0,2046102.0,57657747300.0,964148.0,9767.0
2021-11-15,BRZ1,81.43,81.25,82.25,82.75,80.7,-0.0109,238224.0,128528674178.0,2170557.0,58120750898.0,983656.0,9628.0
2021-11-16,BRZ1,82.22,81.65,81.33,83.15,81.09,0.0028000000000000004,224835.0,121297646452.0,2010792.0,58124014454.0,970224.0,9717.0
2021-11-17,BRZ1,81.99,81.67,81.77,82.92,81.32,0.0016,206414.0,105693927937.0,1777977.0,58210032831.0,983072.0,9803.0
2021-11-18,BRZ1,80.36,80.22,81.66,81.66,79.31,-0.018600000000000002,311246.0,154800412953.0,2631843.0,57072484787.0,972020.0,9660.0
2021-11-19,BRZ1,79.82,79.18,80.32,82.23,78.19,-0.0125,404989.0,236328656581.0,4035999.0,57399194614.0,988132.0,9542.0
2021-11-22,BRZ1,78.84,79.72,79.23,79.84,78.07,0.0077,310035.0,182814698001.0,3097756.0,56817039803.0,952106.0,9710.0
2021-11-23,BRZ1,79.88,81.33,79.74,81.87,78.56,0.019799999999999998,314990.0,186670875640.0,3113554.0,51122069979.0,837468.0,9967.0
2021-11-24,BRZ1,82.25,82.25,81.48,83.01,81.3,0.0118,245018.0,160422352957.0,2602875.0,38225759543.0,620202.0,10020.0
2021-11-25,BRZ1,82.18,81.97,82.4,82.92,81.71,-0.0033,116208.0,61823106180.0,1007727.0,34505470170.0,563906.0,9963.0
2021-11-26,BRZ1,77.72,74.8,81.94,82.44,74.66,-0.0904,377705.0,188216475059.0,3206410.0,24209744630.0,428522.0,9130.0
2021-11-29,BRZ1,74.96,74.46,74.69,77.03,72.17,-0.0005,305836.0,135557327020.0,2424138.0,16019950052.0,288422.0,9613.0
2021-11-30,BRZ1,72.39,71.1,74.75,75.36,70.25,-0.0466,358000.0,65160329918.0,1211366.0,13532786164.0,256150.0,9721.0
2021-12-02,BRF2,68.95,68.88,71.52,72.03,65.79,-0.0329,663016.0,246164268154.0,4851480.0,64445361570.0,1271384.0,12059.0
2021-12-03,BRF2,70.99,71.79,69.04,72.64,68.86,0.0401,396569.0,163158347309.0,3112903.0,57713085128.0,1088906.0,12465.0
2021-12-06,BRF2,71.24,71.5,71.71,72.25,69.3,-0.0039000000000000003,349863.0,155602572902.0,2952809.0,55994850517.0,1058786.0,12416.0
2021-12-07,BRF2,74.28,75.66,71.6,75.73,71.47,0.058499999999999996,314378.0,148726114185.0,2699880.0,56293782115.0,1003250.0,13225.0
2021-12-08,BRF2,75.55,75.47,75.73,76.42,74.55,-0.0013,342089.0,163564225500.0,2937250.0,55089271155.0,990284.0,12875.0
2021-12-09,BRF2,75.58,75.26,75.5,76.54,74.78,-0.0040999999999999995,230146.0,111765245927.0,2009135.0,54183124762.0,978182.0,12813.0
2021-12-10,BRF2,74.79,75.01,75.24,75.74,73.93,-0.0012,227015.0,100004607299.0,1821300.0,53305904182.0,968028.0,12677.0
2021-12-13,BRF2,75.06,75.17,74.92,76.42,74.22,-0.0008,242218.0,104621515331.0,1893846.0,54513482300.0,985410.0,12672.0
2021-12-14,BRF2,74.23,73.57,75.04,75.19,72.88,-0.0218,232758.0,105822752755.0,1937262.0,54360006454.0,1004118.0,12413.0
2021-12-15,BRF2,73.08,73.15,73.41,73.91,72.52,-0.0034000000000000002,208052.0,88591822247.0,1637453.0,54945130708.0,1014652.0,12361.0
2021-12-16,BRF2,74.2,74.55,73.27,75.1,72.8,0.0194,219324.0,95185692755.0,1741958.0,54831674687.0,998748.0,12523.0
2021-12-17,BRF2,74.22,73.34,74.69,75.61,72.69,-0.0177,234587.0,109645511065.0,1994858.0,54444047057.0,1002358.0,12320.0
2021-12-20,BRF2,71.15,69.99,73.4,73.88,69.65,-0.046900000000000004,347107.0,150370971249.0,2847894.0,56671858934.0,1091048.0,11816.0
2021-12-21,BRF2,71.68,73.05,69.83,73.41,69.31,0.0466,299347.0,130498904175.0,2461963.0,56600914210.0,1047816.0,12251.0
2021-12-22,BRF2,74.03,74.45,73.14,74.7,72.99,0.0174,190314.0,90558006548.0,1659901.0,54632977207.0,995734.0,12438.0
2021-12-23,BRF2,75.27,75.58,74.38,75.79,74.2,0.016399999999999998,175460.0,80846353959.0,1461187.0,51949251957.0,935022.0,12541.0
2021-12-24,BRF2,76.3,76.04,75.63,77.02,75.57,0.0029,120446.0,66540171629.0,1183904.0,51360423062.0,916922.0,12567.0
2021-12-27,BRF2,76.47,78.23,75.75,78.29,75.7,0.030299999999999997,121247.0,81058708666.0,1442834.0,20850385776.0,362766.0,12917.0
2021-12-28,BRF2,79.04,79.22,78.24,79.88,78.24,0.013600000000000001,125166.0,50565982215.0,866582.0,19967374439.0,341434.0,15779.0
2021-12-29,BRF2,78.99,79.89,79.1,79.96,78.47,0.0088,75033.0,29528351574.0,504136.0,21070276034.0,355672.0,15924.0
2021-12-30,BRF2,78.86,79.42,79.9,79.9,78.14,-0.0063,83023.0,37732760875.0,639933.0,13318822313.0,224292.0,15930.0
2022-01-04,BRG2,79.4,80.21,78.55,80.58,78.36,0.0206,134951.0,60876225998.0,1018987.0,43373768838.0,718718.0,16760.0
2022-01-05,BRG2,80.39,81.01,80.14,81.46,79.57,0.011000000000000001,124411.0,58812700793.0,965964.0,44608741814.0,727066.0,17081.0
2022-01-06,BRG2,81.51,82.34,81.11,82.85,79.65,0.013300000000000001,151533.0,72084946882.0,1156505.0,43773624141.0,695204.0,17427.0
2022-01-07,BRG2,82.34,82.04,82.11,83.02,81.73,-0.0004,82412.0,34437863885.0,555683.0,43255957759.0,700528.0,17193.0
2022-01-10,BRG2,81.63,81.32,81.95,82.34,80.78,-0.0086,127668.0,60641599747.0,987624.0,44861808980.0,733398.0,10132.0
2022-01-11,BRG2,81.71,82.18,81.42,82.62,80.57,0.0102,168011.0,82423295181.0,1349675.0,46723057104.0,760666.0,10201.0
2022-01-12,BRG2,83.88,84.49,82.25,84.71,82.25,0.0302,179621.0,91291967335.0,1454168.0,55292020278.0,874422.0,10422.0
2022-01-13,BRG2,84.71,84.29,84.59,85.22,84.2,-0.004,144422.0,80884547910.0,1249834.0,55625422677.0,863838.0,10392.0
2022-01-14,BRG2,84.92,85.27,84.32,85.8,83.84,0.012,159355.0,91095472035.0,1406622.0,53813231828.0,827510.0,10649.0
2022-01-17,BRG2,85.96,86.2,85.29,86.62,85.1,0.0105,114496.0,54160255615.0,828290.0,53933904333.0,822550.0,10912.0
2022-01-18,BRG2,87.41,87.55,86.18,88.16,85.98,0.0151,147120.0,80821163955.0,1205663.0,55080679351.0,820378.0,11091.0
2022-01-19,BRG2,87.98,88.62,87.54,88.75,86.66,0.0131,146765.0,71819955736.0,1066276.0,57791960978.0,851838.0,11211.0
2022-01-20,BRG2,88.23,88.75,88.73,89.19,87.51,0.0014000000000000002,136566.0,66561855446.0,987983.0,56405649933.0,832290.0,11204.0
2022-01-21,BRG2,87.55,87.65,88.84,89.5,86.45,-0.0116,204926.0,105781043631.0,1564808.0,50790187124.0,750516.0,10999.0
2022-01-24,BRG2,87.28,86.38,87.82,88.77,85.23,-0.0154,172616.0,93659229101.0,1357191.0,49169024168.0,719920.0,11102.0
2022-01-25,BRG2,86.61,87.29,86.22,87.63,85.05,0.0108,168480.0,87903922991.0,1283084.0,49885446000.0,722500.0,11206.0
2022-01-26,BRG2,89.05,89.87,87.44,90.03,87.36,0.028999999999999998,127570.0,87778948003.0,1235381.0,38928356073.0,542842.0,11590.0
2022-01-27,BRG2,90.27,89.53,89.95,91.04,88.98,-0.0032,127168.0,98697666183.0,1405893.0,23794184805.0,341754.0,11426.0
2022-01-28,BRG2,90.15,90.62,89.66,91.72,89.01,0.0126,107605.0,63467418110.0,899798.0,21408716393.0,301960.0,11410.0
2022-01-31,BRG2,90.72,90.95,90.7,91.5,89.74,0.0021,58702.0,30208074467.0,429708.0,13679140280.0,194092.0,11378.0
2022-02-02,BRH2,89.39,89.04,89.4,90.54,88.44,-0.0039000000000000003,192457.0,108609620700.0,1592024.0,56463817511.0,830956.0,11526.0
2022-02-03,BRH2,88.88,89.26,89.0,89.68,88.12,0.0031,145006.0,82057268349.0,1209436.0,55881633539.0,820098.0,11592.0
2022-02-04,BRH2,91.92,92.99,89.33,93.72,89.33,0.0426,195245.0,106750523709.0,1525423.0,68762869830.0,971254.0,11903.0
2022-02-07,BRH2,92.96,92.8,93.15,93.73,92.16,-0.0034999999999999996,166175.0,100150342875.0,1423231.0,64982765483.0,925094.0,11794.0
2022-02-08,BRH2,91.56,90.5,92.9,93.39,90.22,-0.0235,181558.0,104255199100.0,1514798.0,56560908475.0,831412.0,11432.0
2022-02-09,BRH2,90.79,91.79,90.56,92.09,89.96,0.0129,180895.0,102983651611.0,1518914.0,58036631383.0,846704.0,11500.0
2022-02-10,BRH2,91.85,92.86,91.87,93.03,90.91,0.011399999999999999,213522.0,126494560360.0,1849433.0,57026582042.0,824722.0,11623.0
2022-02-11,BRH2,91.97,92.95,92.8,93.12,90.54,0.001,190727.0,113410388299.0,1625119.0,59561578187.0,844488.0,11594.0
2022-02-14,BRH2,94.31,94.2,92.98,95.88,92.72,0.0146,253412.0,156069678329.0,2152071.0,62089354158.0,857198.0,11991.0
2022-02-15,BRH2,94.27,92.48,94.3,96.79,92.09,-0.0194,284238.0,198068966215.0,2778208.0,43342844940.0,619734.0,11604.0
2022-02-16,BRH2,94.09,95.56,92.42,95.63,92.12,0.0329,210413.0,132039148255.0,1863778.0,51005588895.0,708860.0,11859.0
2022-02-17,BRH2,93.7,92.46,95.55,96.06,92.0,-0.030299999999999997,317662.0,205235564659.0,2871808.0,44413871218.0,629808.0,11560.0
2022-02-18,BRH2,91.84,92.66,92.4,93.34,90.27,0.0012,265038.0,161808445864.0,2295332.0,44295264589.0,622818.0,11509.0
2022-02-21,BRH2,93.58,95.06,92.66,95.16,92.14,0.025099999999999997,213224.0,134745422126.0,1819709.0,44354856136.0,589660.0,11979.0
2022-02-22,BRH2,97.32,95.87,95.1,99.48,94.66,0.011000000000000001,234589.0,126538573128.0,1642836.0,41854360973.0,551636.0,12351.0
2022-02-23,BRH2,96.9,98.42,96.23,98.67,95.82,0.0229,142338.0,84182918317.0,1076091.0,42753336882.0,538074.0,12761.0
2022-02-24,BRH2,100.41,103.67,98.2,105.69,96.09,0.0533,202461.0,114297964574.0,1296750.0,27917627375.0,306768.0,15166.0
2022-02-25,BRH2,100.28,96.6,103.6,103.93,96.5,-0.0653,93349.0,29185038592.0,350225.0,17015632662.0,211964.0,13423.0
2022-02-28,BRH2,96.66,98.0,96.97,98.09,96.01,0.0125,13167.0,3978185399.0,41938.0,19339273619.0,201096.0,16478.0
2022-03-03,BRJ2,112.8,104.91,114.46,118.0,103.0,-0.0291,525.0,270384782.0,2199.0,7152320441.0,62544.0,22530.0
2022-03-04,BRJ2,110.15,110.88,112.3,113.9,93.14,0.0574,16932.0,4159973334.0,35896.0,7845878542.0,67254.0,22117.0
2022-03-09,BRJ2,125.09,121.0,111.77,138.0,111.77,0.08960000000000001,48098.0,13646449111.0,91019.0,7389624232.0,50954.0,50440.0
2022-03-10,BRJ2,114.0,110.31,120.0,120.0,108.96,-0.0858,60307.0,14377457041.0,105992.0,6664319519.0,50772.0,46388.0
2022-03-11,BRJ2,108.43,106.79,109.52,111.82,104.29,-0.0331,56571.0,12047972583.0,96357.0,6258198210.0,50822.0,42788.0
2022-03-14,BRJ2,105.21,104.16,107.17,109.71,103.51,-0.0241,58027.0,13474215379.0,112135.0,6197534999.0,52096.0,40777.0
2022-03-15,BRJ2,99.34,97.63,103.5,103.5,97.3,-0.06570000000000001,60242.0,12895983015.0,118554.0,5634119958.0,52702.0,38530.0
2022-03-16,BRJ2,98.3,96.84,98.09,101.98,96.11,-0.0018,69558.0,14843001682.0,139795.0,5993610418.0,57302.0,36510.0
2022-03-17,BRJ2,99.49,101.43,97.5,101.87,96.5,0.0455,51366.0,11108527966.0,107603.0,5487016436.0,52134.0,37436.0
2022-03-18,BRJ2,104.13,102.8,101.97,106.5,101.97,0.0165,53503.0,12299059941.0,113168.0,5247883912.0,48912.0,37248.0
2022-03-21,BRJ2,107.52,108.08,103.33,108.94,103.33,0.047,60655.0,14286599171.0,127758.0,7250592060.0,64500.0,39322.0
2022-03-22,BRJ2,112.8,113.9,108.49,114.87,108.49,0.0537,86772.0,22548408562.0,193029.0,5840954318.0,49520.0,41301.0
2022-03-23,BRJ2,118.23,121.69,114.5,122.21,113.95,0.0705,80168.0,18400062563.0,157124.0,5467697516.0,45364.0,44024.0
2022-03-24,BRJ2,121.21,120.14,121.45,122.59,118.55,-0.013500000000000002,70304.0,15527376204.0,133097.0,5348392111.0,46254.0,40047.0
2022-03-25,BRJ2,117.51,120.29,120.75,120.75,115.17,0.0012,99964.0,20046808651.0,177534.0,5344359596.0,46236.0,39653.0
2022-03-28,BRJ2,115.37,114.1,119.68,119.68,112.82,-0.052000000000000005,80614.0,14507859048.0,139341.0,4056606999.0,39394.0,37051.0
2022-03-29,BRJ2,110.11,107.29,113.28,115.39,104.27,-0.059000000000000004,108121.0,20745979361.0,220881.0,2997958764.0,32758.0,31812.0
2022-03-30,BRJ2,111.45,113.05,109.0,113.84,108.41,0.0538,88217.0,14974701519.0,159207.0,2733564689.0,28652.0,32545.0
2022-03-31,BRJ2,107.77,107.64,113.0,113.0,105.4,-0.049699999999999994,50989.0,7726355871.0,85890.0,2035721605.0,22658.0,30954.0
2022-04-04,BRK2,105.77,107.3,104.25,108.45,103.1,0.0322,111208.0,18129967909.0,205226.0,8765593551.0,97812.0,31785.0
2022-04-05,BRK2,107.54,106.35,107.69,109.5,105.79,-0.010700000000000001,112028.0,17529924082.0,195301.0,8560711573.0,96438.0,31452.0
2022-04-06,BRK2,105.66,102.81,106.46,107.56,102.41,-0.03,105870.0,15088624291.0,178725.0,8017250496.0,97600.0,30081.0
2022-04-07,BRK2,101.52,99.05,102.21,103.38,98.43,-0.0403,147989.0,21893061293.0,283711.0,7578229190.0,100656.0,26719.0
2022-04-08,BRK2,98.84,97.9,99.49,101.49,96.65,-0.0073,112319.0,17215062975.0,229808.0,9271981710.0,124962.0,26030.0
2022-04-11,BRK2,97.05,97.03,98.46,98.91,95.7,-0.0098,93537.0,13297189821.0,172980.0,9481895466.0,123368.0,26831.0
2022-04-12,BRK2,100.79,103.21,97.5,103.27,97.5,0.0605,116119.0,18659549482.0,232349.0,9349161476.0,113686.0,28944.0
2022-04-13,BRK2,103.62,104.15,102.61,104.89,102.07,0.0125,106408.0,17643488421.0,213106.0,10020186930.0,120412.0,29356.0
2022-04-14,BRK2,104.51,104.56,104.43,105.48,103.6,0.0027,76967.0,12631558594.0,150324.0,9947926490.0,118336.0,29988.0
2022-04-15,BRK2,108.16,109.29,105.3,109.78,105.3,0.044199999999999996,47253.0,7980086485.0,92227.0,9274601806.0,106082.0,30664.0
2022-04-18,BRK2,108.38,109.06,109.48,110.0,107.11,-0.001,71119.0,11414072716.0,132414.0,9802832081.0,113010.0,30301.0
2022-04-19,BRK2,107.01,105.98,109.0,109.0,105.35,-0.0292,81687.0,13519615984.0,161195.0,8864643791.0,106718.0,29315.0
2022-04-20,BRK2,106.66,105.17,106.2,107.88,104.92,-0.0092,68575.0,10986217767.0,134669.0,8578631810.0,106648.0,28579.0
2022-04-21,BRK2,106.61,106.79,106.67,107.69,105.55,0.0194,57308.0,8475385580.0,106691.0,8519193827.0,107064.0,27853.0
2022-04-22,BRK2,105.48,105.55,106.5,106.93,104.65,-0.012199999999999999,44347.0,6590902966.0,82460.0,8382993963.0,104816.0,26929.0
2022-04-25,BRK2,101.39,99.38,104.77,104.77,99.28,-0.057800000000000004,74522.0,9992883590.0,134786.0,6921830583.0,95256.0,25320.0
2022-04-26,BRK2,102.35,103.69,99.82,103.89,99.82,0.04190000000000001,66265.0,9425414238.0,126404.0,7071135009.0,93602.0,26207.0
2022-04-27,BRK2,103.54,103.45,103.8,105.1,102.31,-0.0023,60551.0,8798614790.0,116721.0,7062609674.0,93778.0,26111.0
2022-04-28,BRK2,104.5,105.83,103.47,106.25,102.96,0.0223,57923.0,9131385344.0,121693.0,6749895210.0,88816.0,26538.0
2022-04-29,BRK2,107.81,108.88,106.28,109.0,106.28,0.0304,44350.0,7381833977.0,95922.0,6552488260.0,84306.0,26630.0
2022-05-05,BRM2,111.21,111.27,108.4,113.34,108.4,0.0414,67867.0,9805876871.0,131193.0,6957647021.0,93036.0,26186.0
2022-05-06,BRM2,111.78,111.79,112.0,112.99,110.52,0.0018,59373.0,8746007104.0,113064.0,7379303037.0,95384.0,26501.0
2022-05-11,BRM2,105.84,106.6,110.81,110.81,103.03,-0.047599999999999996,62649.0,8934496849.0,126229.0,6742921668.0,94592.0,25493.0
2022-05-12,BRM2,106.15,108.06,106.06,108.64,104.44,0.014199999999999999,52522.0,7102407659.0,105681.0,6697096384.0,97890.0,24958.0
2022-05-13,BRM2,109.52,110.28,108.33,111.09,108.02,0.0178,56543.0,7823237051.0,111302.0,6553592316.0,92592.0,24987.0
2022-05-16,BRM2,110.46,112.25,109.85,112.4,109.17,0.0172,62858.0,8387520801.0,119489.0,7089886711.0,99388.0,24945.0
2022-05-17,BRM2,114.47,114.1,112.53,115.4,112.53,0.0161,72553.0,9935898833.0,136459.0,7451445041.0,102672.0,25442.0
2022-05-18,BRM2,112.07,109.72,113.03,114.3,109.23,-0.0369,87984.0,12618798669.0,177472.0,6882989111.0,98872.0,24357.0
2022-05-19,BRM2,108.03,110.04,109.86,110.5,105.9,0.0040999999999999995,99664.0,14023801692.0,210658.0,6243800625.0,92076.0,23851.0
2022-05-20,BRM2,111.59,111.79,110.23,112.7,110.13,0.0109,63585.0,8883054032.0,132192.0,6469251909.0,96096.0,23102.0
2022-05-23,BRM2,112.73,112.58,111.99,113.81,111.52,0.012,54335.0,7261915804.0,111447.0,5921764056.0,91004.0,22178.0
2022-05-24,BRM2,111.98,111.81,111.82,112.99,110.76,-0.0059,50845.0,6607248225.0,104096.0,5789051141.0,91344.0,21097.0
2022-05-25,BRM2,113.18,112.37,112.5,114.44,111.96,0.0009,50174.0,6637615984.0,98616.0,5948739245.0,89020.0,20888.0
2022-05-26,BRM2,113.87,115.61,112.73,115.96,112.52,0.0305,45055.0,7084246257.0,95874.0,7076460963.0,94324.0,24423.0
2022-05-27,BRM2,116.29,116.74,115.68,117.19,115.05,0.0118,48195.0,7238637100.0,93048.0,7084082543.0,90708.0,25273.0
2022-05-30,BRM2,118.96,120.24,116.85,120.49,116.85,0.0291,28174.0,4260708199.0,57611.0,6835334229.0,91430.0,24478.0
2022-05-31,BRM2,123.04,123.2,121.0,123.99,121.0,0.0269,27853.0,4428282030.0,58583.0,6090772115.0,80460.0,24853.0
2022-06-02,BRN2,115.44,117.79,116.45,117.97,113.57,0.0045000000000000005,69701.0,9860424571.0,138626.0,5381256992.0,74148.0,24755.0
2022-06-03,BRN2,118.07,119.71,117.88,119.8,116.4,0.0158,45883.0,6467307347.0,90324.0,5402953918.0,74424.0,25081.0
2022-06-06,BRN2,120.19,119.65,120.0,121.19,118.37,-0.0003,54283.0,8065564637.0,109999.0,5507409372.0,75450.0,24760.0
2022-06-07,BRN2,120.03,121.27,119.83,121.32,118.71,0.013600000000000001,50123.0,7502703434.0,102181.0,5762018105.0,77674.0,25072.0
2022-06-08,BRN2,122.0,123.04,121.3,123.12,121.13,0.0147,38036.0,5509412276.0,76093.0,5678972880.0,77772.0,25065.0
2022-06-09,BRN2,123.45,123.49,123.2,124.16,122.5,0.0038,30766.0,4772390315.0,64871.0,5565026005.0,75622.0,24228.0
2022-06-10,BRN2,122.8,121.23,123.04,124.9,120.12,-0.0202,43813.0,6311697557.0,90572.0,4619650118.0,67148.0,23501.0
2022-06-14,BRN2,124.09,125.0,122.33,125.92,122.33,0.034300000000000004,36160.0,5516897800.0,78478.0,5145236250.0,72660.0,23899.0
2022-06-15,BRN2,121.67,121.68,124.84,124.84,120.05,-0.0269,51278.0,7057064712.0,101656.0,5195296570.0,74834.0,23166.0
2022-06-16,BRN2,118.86,119.0,121.21,121.21,117.55,-0.0219,57380.0,7846493415.0,116441.0,5245182093.0,77746.0,22603.0
2022-06-17,BRN2,119.08,116.31,119.4,122.15,115.0,-0.0223,67394.0,9123016408.0,135888.0,4669970792.0,71218.0,22017.0
2022-06-20,BRN2,115.01,115.34,115.5,116.36,113.58,-0.0086,45437.0,5594887703.0,87131.0,4597653228.0,71396.0,21572.0
2022-06-21,BRN2,116.75,115.36,116.25,117.66,115.16,0.0002,49037.0,6319664711.0,100522.0,4181350089.0,67312.0,20954.0
2022-06-22,BRN2,111.32,112.79,115.29,115.29,108.5,-0.0239,63206.0,7631189748.0,128651.0,3949101292.0,65712.0,19983.0
2022-06-23,BRN2,112.04,111.99,112.5,113.37,110.71,-0.0066,48106.0,5715689407.0,95388.0,3924414255.0,65528.0,19775.0
2022-06-24,BRN2,112.53,113.92,111.52,114.43,110.15,0.0161,41695.0,5133171994.0,85665.0,3613173869.0,59562.0,20131.0
2022-06-27,BRN2,114.35,115.17,113.6,115.47,112.7,0.0128,41459.0,5698724732.0,93480.0,3551579200.0,57842.0,20301.0
2022-06-28,BRN2,116.91,116.94,115.74,117.85,115.74,0.0152,42180.0,5595857976.0,92373.0,2854036909.0,47096.0,20486.0
2022-06-29,BRN2,118.48,117.83,116.76,120.07,116.51,0.0083,34680.0,4712796975.0,75011.0,2244828206.0,35926.0,20195.0
2022-06-30,BRN2,115.43,114.9,117.46,117.46,114.0,-0.026000000000000002,23313.0,3107341169.0,52130.0,1167885576.0,19684.0,19951.0
2022-07-04,BRQ2,113.33,114.27,112.3,114.59,111.67,0.022099999999999998,26015.0,3530969916.0,56031.0,3202465392.0,50400.0,21367.0
2022-07-05,BRQ2,110.23,105.4,114.19,114.62,104.22,-0.0754,55316.0,7721351974.0,114525.0,3476902257.0,53936.0,21464.0
2022-07-06,BRQ2,103.55,101.61,105.83,107.24,100.06,-0.041299999999999996,52795.0,7561282826.0,114877.0,3669602264.0,56816.0,21312.0
2022-07-07,BRQ2,104.06,106.64,101.5,106.75,101.5,0.049699999999999994,46283.0,6175793147.0,95819.0,3278042641.0,49630.0,22807.0
2022-07-08,BRQ2,105.81,107.58,106.01,107.64,104.01,0.0111,42157.0,5835566170.0,90174.0,3439288118.0,52270.0,22283.0
2022-07-11,BRQ2,105.66,107.14,106.21,107.46,104.15,-0.0042,45547.0,5662670108.0,90952.0,3473915189.0,55026.0,22260.0
2022-07-12,BRQ2,103.3,101.1,105.65,106.1,100.51,-0.056900000000000006,48433.0,6037990891.0,99321.0,3545037244.0,59582.0,20008.0
2022-07-13,BRQ2,100.76,100.48,100.89,102.65,98.36,-0.0051,58844.0,7442935790.0,126732.0,3463182661.0,59132.0,19829.0
2022-07-14,BRQ2,98.47,98.83,100.2,102.0,96.2,-0.0159,58152.0,7170993580.0,124823.0,3440740031.0,59672.0,19466.0
2022-07-15,BRQ2,101.52,102.75,98.96,103.9,98.5,0.0392,68745.0,8127459597.0,139960.0,3556515792.0,60510.0,19720.0
2022-07-18,BRQ2,104.74,105.99,102.65,106.39,102.02,0.0305,48113.0,5820863563.0,98343.0,3552659481.0,59314.0,20025.0
2022-07-19,BRQ2,105.46,105.99,105.86,107.15,103.6,0.0003,61721.0,7024493119.0,119868.0,3606091254.0,61230.0,19558.0
2022-07-20,BRQ2,106.31,106.89,106.1,107.79,105.11,0.0076,48607.0,5866634857.0,100376.0,3792286221.0,64532.0,19613.0
2022-07-21,BRQ2,104.0,104.42,106.99,107.68,101.55,-0.0223,71260.0,9143474074.0,155269.0,3328785373.0,56302.0,19871.0
2022-07-22,BRQ2,103.85,104.93,104.59,105.59,102.0,0.005600000000000001,57628.0,6934594996.0,117557.0,3235079187.0,54276.0,20226.0
2022-07-25,BRQ2,103.74,104.8,105.1,105.4,101.57,-0.003,55598.0,6815610637.0,113206.0,3443076244.0,56610.0,20211.0
2022-07-26,BRQ2,106.14,104.69,104.8,107.11,104.12,0.0004,44308.0,6289802072.0,97142.0,3130692202.0,49020.0,20368.0
2022-07-27,BRQ2,105.28,106.74,104.77,106.93,103.73,0.0196,53607.0,7236402510.0,114608.0,2627182175.0,41038.0,21350.0
2022-07-28,BRQ2,107.66,107.67,106.9,109.13,105.88,0.008199999999999999,51831.0,6832945937.0,104767.0,2483486684.0,38074.0,21485.0
2022-07-29,BRQ2,108.94,109.94,107.72,110.96,106.4,0.021099999999999997,40823.0,5300655542.0,78777.0,1955294664.0,28792.0,22286.0
2022-08-02,BRU2,100.87,101.73,100.77,101.95,98.63,0.0086,55575.0,6744532630.0,110806.0,3896157361.0,63470.0,20958.0
2022-08-03,BRU2,100.83,98.84,101.72,102.85,98.68,-0.024,63899.0,8204294860.0,134536.0,4232009473.0,70792.0,20293.0
2022-08-04,BRU2,97.19,95.47,98.84,98.84,95.28,-0.0366,68571.0,8837593166.0,150722.0,4555040955.0,79082.0,20478.0
2022-08-05,BRU2,96.08,96.81,95.56,97.39,94.51,0.013999999999999999,59620.0,6991401351.0,120454.0,4032136297.0,68942.0,20820.0
2022-08-08,BRU2,96.13,96.77,96.79,97.49,94.74,-0.0001,51609.0,5948640135.0,101914.0,4137417498.0,70414.0,20694.0
2022-08-09,BRU2,97.68,97.46,96.77,98.88,96.2,0.0063,50326.0,6020718131.0,102174.0,4122748440.0,70124.0,20832.0
2022-08-10,BRU2,96.16,96.26,97.36,97.89,94.69,-0.011899999999999999,60259.0,7194517259.0,123490.0,4410879247.0,75630.0,20588.0
2022-08-11,BRU2,98.12,98.75,96.47,99.28,96.47,0.026000000000000002,54525.0,6933465166.0,116341.0,4317005791.0,71972.0,21148.0
2022-08-12,BRU2,99.01,98.47,98.84,100.25,97.57,-0.0021,48513.0,6166753151.0,102814.0,4173419765.0,69964.0,21104.0
2022-08-15,BRU2,96.17,96.02,98.33,99.1,94.8,-0.0248,53825.0,6767462514.0,114749.0,4607403010.0,78242.0,20791.0
2022-08-16,BRU2,95.49,94.56,96.08,96.59,94.22,-0.0158,61273.0,7494767524.0,128881.0,4730850413.0,82154.0,20357.0
2022-08-17,BRU2,93.88,93.57,94.47,95.39,92.65,-0.0124,60663.0,7559735575.0,132762.0,4722844193.0,83216.0,19899.0
2022-08-18,BRU2,95.52,96.46,93.65,96.86,93.65,0.0337,43976.0,5513907240.0,97071.0,4246613960.0,74032.0,20100.0
2022-08-19,BRU2,96.7,98.18,96.4,98.23,95.3,0.0177,57067.0,7213771344.0,126244.0,4028107895.0,69432.0,20223.0
2022-08-22,BRU2,95.96,96.34,98.25,98.35,93.84,-0.0192,67333.0,8470434768.0,147640.0,4040426593.0,70148.0,19982.0
2022-08-23,BRU2,98.43,99.73,96.2,100.05,96.06,0.0344,54299.0,7157444436.0,121547.0,3643521565.0,61064.0,20797.0
2022-08-24,BRU2,100.71,99.89,99.8,101.86,99.4,0.0027,59287.0,7848047085.0,130114.0,3687353897.0,61634.0,20822.0
2022-08-25,BRU2,101.42,101.63,99.9,102.4,99.72,0.0174,52442.0,7141502401.0,117700.0,3484276542.0,57308.0,21087.0
2022-08-26,BRU2,100.09,99.82,101.41,101.49,98.64,-0.0178,57668.0,7821260048.0,129306.0,3104666893.0,51466.0,20771.0
2022-08-29,BRU2,102.18,104.22,99.76,104.32,99.61,0.0436,47925.0,6737798489.0,109230.0,2748693000.0,43690.0,21217.0
2022-08-30,BRU2,103.0,100.42,104.2,105.45,100.36,-0.0359,65444.0,9190423442.0,148926.0,2958835680.0,49178.0,20951.0
2022-08-31,BRU2,98.54,96.74,100.32,101.42,96.0,-0.036699999999999997,41098.0,5038672969.0,85120.0,2047224492.0,35228.0,20119.0
2022-09-02,BRV2,97.1,97.53,96.14,98.27,95.21,0.013000000000000001,60426.0,7806811856.0,132609.0,4981435010.0,84242.0,20981.0
2022-09-05,BRV2,97.86,97.39,97.59,98.96,95.91,-0.0023,53173.0,7102715118.0,119219.0,4807783546.0,81086.0,21132.0
2022-09-06,BRV2,96.19,95.29,97.32,98.33,94.42,-0.0204,62721.0,8134304882.0,138622.0,5647524774.0,97156.0,20619.0
2022-09-07,BRV2,93.87,92.42,95.45,95.7,92.17,-0.030899999999999997,71185.0,9337593645.0,163532.0,6534745448.0,116240.0,20047.0
2022-09-08,BRV2,91.53,92.08,92.39,92.57,90.32,-0.0031,80176.0,10035427192.0,180121.0,6787154175.0,121098.0,19836.0
2022-09-09,BRV2,92.77,93.42,91.96,93.62,91.42,0.0147,45963.0,6039659764.0,107577.0,5825617054.0,103038.0,19952.0
2022-09-12,BRV2,94.57,95.08,93.35,95.67,93.3,0.019,44388.0,5627034001.0,98767.0,5229007679.0,91284.0,20264.0
2022-09-13,BRV2,94.67,93.58,95.32,96.14,93.12,-0.0171,61563.0,8187036392.0,144110.0,5177570462.0,92198.0,19812.0
2022-09-14,BRV2,94.12,95.2,93.43,95.66,92.67,0.016399999999999998,76821.0,10130633046.0,180083.0,5578118653.0,98028.0,20041.0
2022-09-15,BRV2,93.78,92.31,95.24,95.97,91.57,-0.0302,76525.0,10226570397.0,182172.0,6231234895.0,112774.0,19393.0
2022-09-16,BRV2,92.25,93.01,92.14,93.33,91.15,0.0078000000000000005,64534.0,8310146151.0,149721.0,5777620349.0,103246.0,19575.0
2022-09-19,BRV2,91.3,91.72,93.0,93.15,90.15,-0.0129,51142.0,6711318084.0,122179.0,5948853936.0,107802.0,18457.0
2022-09-20,BRV2,92.13,91.03,91.9,93.29,90.5,-0.009300000000000001,68070.0,8714408498.0,156398.0,5671387577.0,103010.0,18280.0
2022-09-21,BRV2,92.66,91.26,90.87,94.55,90.52,0.0028000000000000004,70411.0,9308586154.0,165631.0,5972874418.0,107906.0,18492.0
2022-09-22,BRV2,91.48,91.21,91.19,93.0,90.32,-0.0015,60969.0,7774987935.0,144664.0,5391525951.0,100614.0,18167.0
2022-09-23,BRV2,89.05,87.35,91.06,91.43,87.03,-0.039599999999999996,57609.0,7227274631.0,140740.0,5554111951.0,110262.0,16769.0
2022-09-26,BRV2,86.92,86.28,87.36,88.18,85.68,-0.0134,57892.0,6957929674.0,137147.0,5352507942.0,106284.0,16592.0
2022-09-27,BRV2,86.19,86.85,86.15,87.56,84.53,0.006,55937.0,6683031945.0,132705.0,5089030514.0,100290.0,16744.0
2022-09-28,BRV2,87.14,88.87,86.7,89.02,85.4,0.023399999999999997,53033.0,6643340578.0,132481.0,4386324328.0,85772.0,17164.0
2022-09-29,BRV2,89.16,89.52,88.98,90.18,87.59,0.0077,52320.0,6682371012.0,130537.0,3448001545.0,67084.0,16964.0
2022-09-30,BRV2,88.86,88.79,89.6,90.14,87.74,-0.009000000000000001,34336.0,4788828079.0,92272.0,1973578071.0,38056.0,16676.0
2022-10-04,BRX2,91.76,93.17,90.32,93.43,89.68,0.0308,37632.0,4556402403.0,84666.0,4204860444.0,76954.0,19536.0
2022-10-05,BRX2,93.48,94.74,93.25,94.9,92.25,0.0166,68160.0,8653267394.0,153736.0,4447683254.0,77970.0,20097.0
2022-10-06,BRX2,94.49,94.65,94.64,95.37,93.57,-0.0003,44284.0,5544108357.0,96270.0,4450365275.0,77146.0,20336.0
2022-10-07,BRX2,95.83,97.66,94.7,97.93,94.4,0.031,53535.0,6604778822.0,113001.0,4563465783.0,76616.0,21111.0
2022-10-10,BRX2,97.62,97.35,97.65,98.68,96.7,-0.0018,40401.0,5429374368.0,88736.0,4403526095.0,72168.0,21374.0
2022-10-11,BRX2,95.56,95.21,97.49,97.92,94.3,-0.0216,57931.0,7140894868.0,117373.0,4402935802.0,72634.0,21477.0
2022-10-12,BRX2,94.68,93.36,95.5,95.89,93.21,-0.0219,50492.0,6381975033.0,104662.0,4558929516.0,75818.0,20970.0
2022-10-13,BRX2,93.66,95.1,93.22,95.27,92.3,0.0206,63005.0,8146808069.0,136744.0,4031999774.0,66654.0,21277.0
2022-10-14,BRX2,94.67,93.42,95.18,96.2,92.9,-0.0169,55485.0,6527691742.0,111154.0,4504672006.0,77732.0,20627.0
2022-10-17,BRX2,93.32,93.19,93.49,94.17,92.03,-0.0032,48113.0,5292594160.0,91933.0,4305086740.0,74882.0,20179.0
2022-10-18,BRX2,92.17,90.97,93.15,93.95,90.37,-0.0248,53823.0,6024268078.0,106164.0,4712552774.0,84142.0,19622.0
2022-10-19,BRX2,91.48,91.7,90.91,92.15,90.56,0.0088,46026.0,5522264668.0,97840.0,4243060859.0,74992.0,19748.0
2022-10-20,BRX2,93.85,93.64,91.77,95.07,91.67,0.021099999999999997,56851.0,6891560469.0,119918.0,4008019069.0,69896.0,20112.0
2022-10-21,BRX2,93.16,93.8,93.55,94.15,92.0,0.0008,58621.0,7072886006.0,123887.0,3787863875.0,65894.0,19989.0
2022-10-24,BRX2,93.33,93.54,93.85,94.5,92.08,-0.0029,50347.0,6196405977.0,108514.0,3505332674.0,61248.0,19861.0
2022-10-25,BRX2,93.57,93.98,93.63,94.68,92.5,0.0059,40489.0,4921611428.0,85493.0,3393476316.0,58688.0,20049.0
2022-10-26,BRX2,94.6,96.08,93.97,96.13,92.91,0.022099999999999998,47823.0,6050488450.0,104314.0,3319198558.0,56344.0,20464.0
2022-10-27,BRX2,96.29,96.92,96.14,97.36,95.22,0.008,43779.0,5355971875.0,90182.0,3186241649.0,53302.0,20612.0
2022-10-28,BRX2,96.26,95.71,96.99,97.28,95.24,-0.0123,35713.0,4483370224.0,75969.0,2339176220.0,39866.0,20349.0
2022-10-31,BRX2,95.07,94.99,95.65,96.12,94.26,-0.0073,26014.0,3475810273.0,59518.0,1167351700.0,20006.0,20129.0
2022-11-02,BRZ2,96.01,96.76,95.4,96.88,95.03,0.0132,40770.0,5303817067.0,89427.0,4233107708.0,70818.0,21245.0
2022-11-03,BRZ2,95.99,95.99,96.8,97.14,94.84,-0.008199999999999999,37009.0,4899854589.0,82257.0,3738746036.0,62764.0,21144.0
2022-11-07,BRZ2,98.07,99.21,96.03,99.45,95.1,0.0347,32430.0,4378218366.0,73201.0,3997526813.0,66066.0,21478.0
2022-11-08,BRZ2,98.4,98.49,99.26,99.85,97.56,-0.0066,36479.0,4840324883.0,80887.0,4321770632.0,72156.0,21236.0
2022-11-09,BRZ2,96.25,94.67,98.66,98.84,94.35,-0.0397,51878.0,7372881348.0,124989.0,5034664310.0,86778.0,20448.0
2022-11-10,BRZ2,94.13,94.8,94.65,95.33,92.96,-0.0005,51414.0,6544522654.0,114855.0,4977592271.0,86734.0,20466.0
2022-11-11,BRZ2,96.3,96.9,94.9,97.28,94.58,0.022799999999999997,39007.0,5269715826.0,90774.0,4311768980.0,73816.0,20514.0
2022-11-14,BRZ2,96.12,96.33,96.8,97.17,95.25,-0.0042,37275.0,5038257151.0,86749.0,4099816319.0,70438.0,20438.0
2022-11-15,BRZ2,93.86,93.19,96.25,96.25,92.76,-0.0332,56121.0,7279597759.0,128395.0,5112792632.0,90826.0,19710.0
2022-11-16,BRZ2,94.33,93.55,93.3,96.0,92.81,0.0032,58501.0,8067078791.0,141841.0,4742637500.0,84080.0,19811.0
2022-11-17,BRZ2,92.87,92.35,93.39,93.86,92.06,-0.0134,49524.0,6762396880.0,120283.0,5417569503.0,96900.0,19538.0
2022-11-18,BRZ2,90.23,89.26,92.24,92.24,88.12,-0.0321,80733.0,10851449844.0,198551.0,7698500457.0,142390.0,18802.0
2022-11-21,BRZ2,87.42,85.22,89.27,89.53,84.97,-0.045700000000000005,84301.0,11261639854.0,211856.0,8411095249.0,162314.0,18032.0
2022-11-22,BRZ2,88.25,89.67,85.15,90.0,84.17,0.0521,84928.0,11652551974.0,218074.0,6786637334.0,125002.0,18942.0
2022-11-23,BRZ2,88.1,86.56,89.55,90.2,86.17,-0.0346,92508.0,11969257849.0,223623.0,7434003921.0,141356.0,18214.0
2022-11-24,BRZ2,86.51,86.18,86.59,87.35,85.56,-0.0037,54206.0,6984178901.0,132912.0,7959875923.0,152058.0,18085.0
2022-11-25,BRZ2,87.08,86.9,86.15,87.8,85.92,0.0088,45734.0,6309199178.0,119502.0,8114466796.0,154006.0,18194.0
2022-11-28,BRZ2,83.68,83.37,86.71,86.93,82.16,-0.0421,52596.0,6537914436.0,127787.0,7720525412.0,151468.0,17523.0
2022-11-29,BRZ2,85.22,85.07,83.34,86.29,83.28,0.021099999999999997,56300.0,7318447312.0,140790.0,6711698866.0,129352.0,17900.0
2022-11-30,BRZ2,84.53,85.48,85.31,85.73,83.54,0.0039000000000000003,49171.0,6838560873.0,132868.0,4807772027.0,92374.0,17926.0
2022-12-02,BRF3,89.03,89.1,89.8,89.91,88.25,-0.006999999999999999,49249.0,6631189494.0,120077.0,6671418206.0,120706.0,19571.0
2022-12-05,BRF3,89.31,89.08,89.06,90.63,88.0,-0.0025,52793.0,7209980475.0,129319.0,7468612695.0,134308.0,19676.0
2022-12-06,BRF3,87.01,85.65,89.0,89.15,85.38,-0.038900000000000004,73090.0,9402011577.0,171345.0,8810976619.0,163116.0,19117.0
2022-12-07,BRF3,83.78,83.13,85.74,85.79,82.4,-0.028999999999999998,83148.0,10852357804.0,206153.0,10723698539.0,205310.0,18500.0
2022-12-08,BRF3,82.19,81.58,83.0,83.05,81.2,-0.0177,71566.0,8508258398.0,164915.0,11628712066.0,227078.0,18053.0
2022-12-09,BRF3,81.01,80.21,81.43,81.95,80.04,-0.0184,68952.0,8543744108.0,168939.0,13044960646.0,260520.0,17687.0
2022-12-12,BRF3,79.85,80.86,80.3,80.97,78.67,0.010700000000000001,74693.0,9270962966.0,184632.0,13666363966.0,268754.0,17889.0
2022-12-13,BRF3,81.61,82.09,80.91,82.53,80.34,0.0125,57915.0,7520526137.0,146530.0,12999756601.0,251794.0,18236.0
2022-12-14,BRF3,82.45,82.77,82.2,83.11,81.56,0.0102,56205.0,8024506113.0,151818.0,11990620552.0,225986.0,18430.0
2022-12-15,BRF3,83.25,83.33,82.85,83.85,82.55,0.0058,60555.0,8550404720.0,159882.0,10773729980.0,201252.0,18765.0
2022-12-16,BRF3,81.49,80.64,83.2,83.25,80.35,-0.0323,62834.0,8430003525.0,159919.0,11151651529.0,213772.0,18224.0
2022-12-19,BRF3,80.89,80.88,80.6,81.49,80.0,0.0036,56915.0,7433662668.0,135745.0,11241370489.0,205296.0,18787.0
2022-12-20,BRF3,81.05,81.33,80.73,81.87,80.03,0.0048,49239.0,6409918765.0,114576.0,11334017007.0,201892.0,19548.0
2022-12-21,BRF3,81.82,83.12,81.27,83.45,79.49,0.0235,59936.0,8997273763.0,155105.0,11459117697.0,194444.0,20450.0
2022-12-22,BRF3,83.98,83.07,83.21,84.85,82.83,-0.0022,44663.0,6194112036.0,106957.0,10377398274.0,181156.0,20870.0
2022-12-23,BRF3,83.48,84.48,83.01,84.57,82.25,0.0181,43313.0,5973132322.0,103496.0,10701683710.0,183222.0,19895.0
2022-12-26,BRF3,84.45,84.6,84.41,84.81,84.03,0.0013,15801.0,1993475371.0,34252.0,10318490113.0,176976.0,20070.0
2022-12-27,BRF3,84.96,85.55,84.65,85.75,83.86,0.0109,27497.0,4244861098.0,70822.0,10756173371.0,178230.0,20801.0
2022-12-28,BRF3,84.29,82.9,85.5,86.16,82.59,-0.0302,39947.0,5883381864.0,96739.0,10199092329.0,170504.0,20418.0
2022-12-29,BRF3,82.8,82.21,82.99,83.98,81.76,-0.0086,27008.0,4217865694.0,70559.0,9196698972.0,154946.0,20445.0
2023-01-03,BRG3,88.24,87.98,87.6,89.1,87.59,0.0042,25303.0,3803221820.0,60646.0,6257684228.0,100076.0,22193.0
2023-01-04,BRG3,85.51,83.79,88.04,88.35,83.71,-0.046900000000000004,38203.0,5565583886.0,90513.0,7519502841.0,124806.0,21353.0
2023-01-05,BRG3,83.5,82.93,83.71,84.3,82.36,-0.009899999999999999,35597.0,5046198322.0,83692.0,8194709990.0,136844.0,21173.0
2023-01-06,BRG3,83.37,83.88,83.09,84.24,82.6,0.012199999999999999,30611.0,4272815711.0,71104.0,8137348354.0,134584.0,21358.0
2023-01-09,BRG3,84.12,84.32,83.84,85.04,82.88,0.0043,32065.0,4210151939.0,71753.0,7872243350.0,133848.0,12693.0
2023-01-10,BRG3,83.22,82.68,84.39,84.48,82.31,-0.019299999999999998,46346.0,6689662098.0,115152.0,8292967289.0,143688.0,12352.0
2023-01-11,BRG3,83.54,83.94,82.85,84.53,82.77,0.015600000000000001,36130.0,5473356212.0,95329.0,8409939672.0,145774.0,12391.0
2023-01-12,BRG3,85.48,86.25,83.98,86.5,83.98,0.027000000000000003,49713.0,7039183604.0,121459.0,8501763935.0,145388.0,12509.0
2023-01-13,BRG3,86.48,87.23,86.3,87.57,85.25,0.0123,43193.0,6312748492.0,106436.0,8749247454.0,146256.0,12520.0
2023-01-16,BRG3,87.21,87.23,87.24,87.73,86.6,-0.001,34123.0,5010840901.0,83989.0,8782008608.0,147162.0,12677.0
2023-01-17,BRG3,87.36,87.97,87.15,88.49,86.47,0.0088,37650.0,5252209727.0,87122.0,9182818840.0,151266.0,12840.0
2023-01-18,BRG3,88.69,89.31,88.0,89.7,87.33,0.0152,52181.0,7980722745.0,130876.0,9342552516.0,152146.0,13008.0
2023-01-19,BRG3,87.15,87.22,89.29,89.54,85.95,-0.0227,68082.0,10077877345.0,168062.0,9038315170.0,150598.0,12698.0
2023-01-20,BRG3,87.64,87.58,87.22,88.54,86.38,0.0028000000000000004,59004.0,8809115232.0,146065.0,9630114843.0,159794.0,12652.0
2023-01-23,BRG3,88.8,89.16,87.5,89.49,87.5,0.019299999999999998,48681.0,7505487789.0,122637.0,9957287555.0,162046.0,12858.0
2023-01-24,BRG3,88.85,88.2,89.24,89.69,87.95,-0.0116,48096.0,7218472857.0,117563.0,9720792005.0,159488.0,12707.0
2023-01-25,BRG3,87.21,87.49,88.06,88.19,86.56,-0.0074,57429.0,8832108635.0,146183.0,9432345906.0,155622.0,12656.0
2023-01-26,BRG3,87.45,87.9,87.51,88.42,86.55,0.0033,57060.0,9157447315.0,151226.0,9315350439.0,153040.0,12682.0
2023-01-27,BRG3,88.5,87.91,87.89,89.16,87.67,0.0007000000000000001,43710.0,7066442129.0,114897.0,9189056434.0,150408.0,12669.0
2023-01-30,BRG3,86.6,85.99,87.85,87.85,85.35,-0.0197,59982.0,9615153717.0,157882.0,8360864250.0,138260.0,12405.0
2023-01-31,BRG3,85.06,85.06,86.28,86.96,83.9,-0.012,33789.0,6886818820.0,115630.0,8403622733.0,141096.0,12429.0
2023-02-02,BRH3,86.13,85.57,87.55,87.55,84.75,-0.023,67284.0,12165456842.0,200683.0,12217507982.0,202862.0,12994.0
2023-02-03,BRH3,85.34,85.78,85.48,86.2,84.51,0.0015,67198.0,11212784763.0,186036.0,12768193798.0,210762.0,13015.0
2023-02-06,BRH3,83.61,82.38,85.67,85.67,82.18,-0.0388,74305.0,12406666585.0,208780.0,14488075264.0,247460.0,12534.0
2023-02-07,BRH3,83.87,83.93,82.3,84.54,82.11,0.018799999999999997,58048.0,9425473995.0,157978.0,14043295728.0,235200.0,12769.0
2023-02-08,BRH3,85.24,85.08,84.04,85.92,84.04,0.0149,48540.0,9013957175.0,146450.0,14016102208.0,228156.0,13038.0
2023-02-09,BRH3,86.18,85.73,85.23,87.06,84.72,0.008,43317.0,9577229708.0,152506.0,16397089903.0,262478.0,13347.0
2023-02-10,BRH3,86.98,87.34,85.68,87.69,85.51,0.0171,60101.0,12182314837.0,191077.0,15823090243.0,247156.0,13567.0
2023-02-13,BRH3,87.3,87.35,87.25,87.92,86.62,-0.0012,37997.0,7712928683.0,119633.0,15483824635.0,240028.0,13687.0
2023-02-14,BRH3,86.86,86.45,87.29,88.09,85.44,-0.0076,46400.0,10011006997.0,156186.0,14935808316.0,234114.0,13559.0
2023-02-15,BRH3,85.91,85.74,86.53,86.73,85.35,-0.011699999999999999,38305.0,8901819303.0,138913.0,14739030121.0,230468.0,13527.0
2023-02-16,BRH3,86.3,86.41,85.51,87.1,84.94,0.0105,48178.0,10740860991.0,166356.0,14844648271.0,229620.0,13666.0
2023-02-17,BRH3,84.51,83.58,86.38,86.62,82.83,-0.032,62384.0,14393657394.0,229406.0,16253299930.0,261922.0,13090.0
2023-02-20,BRH3,84.05,84.11,83.76,84.64,83.05,0.0051,42112.0,9089776265.0,144895.0,14984977787.0,238694.0,13094.0
2023-02-21,BRH3,83.91,83.48,84.0,84.57,83.16,-0.0078000000000000005,41385.0,9252200978.0,146933.0,15241470084.0,243304.0,13067.0
2023-02-22,BRH3,82.97,82.2,83.55,83.96,82.12,-0.0144,42910.0,9388494579.0,150880.0,15196394485.0,246492.0,12860.0
2023-02-27,BRH3,82.99,82.68,82.26,83.64,82.09,0.005699999999999999,45376.0,9960043596.0,160736.0,11769621417.0,190650.0,12898.0
2023-02-28,BRH3,83.01,83.77,82.61,84.1,81.82,0.0131,31205.0,7387385626.0,118630.0,9261654369.0,147382.0,12997.0
2023-03-02,BRJ3,85.65,85.87,85.28,86.24,84.6,0.006,41125.0,7690843980.0,119149.0,6621428539.0,102318.0,14166.0
2023-03-03,BRJ3,85.6,85.7,85.97,86.52,84.49,-0.0029,54286.0,10867971371.0,167753.0,7102064291.0,109502.0,14062.0
2023-03-06,BRJ3,86.52,86.78,85.74,87.04,85.74,0.0137,42860.0,9144888612.0,140153.0,7332758172.0,112050.0,14190.0
2023-03-07,BRJ3,87.11,86.38,86.75,87.68,86.3,-0.0025,40069.0,8487345945.0,128181.0,7406119938.0,112796.0,14111.0
2023-03-09,BRJ3,85.31,85.39,86.48,86.54,84.43,-0.0141,56896.0,11950396021.0,184599.0,9349535128.0,144286.0,13984.0
2023-03-10,BRJ3,83.6,83.26,85.3,85.44,82.74,-0.0227,73370.0,14873682700.0,233906.0,11240976592.0,177492.0,13585.0
2023-03-13,BRJ3,82.62,82.89,83.47,84.63,80.59,-0.0064,112359.0,24475753700.0,395362.0,12053495473.0,194060.0,13383.0
2023-03-14,BRJ3,81.26,81.33,82.79,82.9,80.44,-0.0187,81969.0,17041303525.0,278411.0,12865547100.0,210000.0,13102.0
2023-03-15,BRJ3,77.89,74.93,81.31,81.31,74.84,-0.0788,184036.0,36721899166.0,619823.0,17607420256.0,308922.0,12140.0
2023-03-16,BRJ3,74.83,75.08,74.86,76.2,73.3,0.0013,180179.0,35202862445.0,613171.0,17852275884.0,309934.0,12224.0
2023-03-17,BRJ3,75.53,73.72,75.0,77.05,73.22,-0.0184,164940.0,30093769414.0,516671.0,20071153644.0,353040.0,11999.0
2023-03-20,BRJ3,73.06,73.3,73.7,75.25,71.54,-0.0042,194966.0,37050017334.0,658077.0,21795295801.0,385834.0,11950.0
2023-03-21,BRJ3,74.38,74.6,73.22,75.52,72.7,0.0196,126939.0,25954463942.0,454396.0,20488739666.0,357670.0,12132.0
2023-03-22,BRJ3,75.26,75.8,74.77,75.93,74.53,0.0138,85238.0,16327283229.0,282058.0,19903365112.0,341366.0,12313.0
2023-03-23,BRJ3,76.36,76.91,75.68,77.26,75.6,0.0154,108908.0,21046074715.0,362432.0,17287330217.0,295566.0,12333.0
2023-03-24,BRJ3,74.81,74.77,76.89,76.99,73.21,-0.027200000000000002,152531.0,30374789561.0,526851.0,16179633998.0,280796.0,12009.0
2023-03-27,BRJ3,75.68,76.72,74.9,76.75,74.38,0.025,93806.0,17060116832.0,293829.0,16212367587.0,275426.0,12281.0
2023-03-28,BRJ3,77.97,78.58,76.73,78.72,76.47,0.023799999999999998,121908.0,24549928061.0,409189.0,15992384027.0,264486.0,12573.0
2023-03-29,BRJ3,78.78,78.25,78.64,79.39,78.11,-0.0054,91282.0,18638349651.0,306626.0,14298928338.0,236844.0,12549.0
2023-03-30,BRJ3,78.35,78.83,78.17,78.95,77.7,0.008100000000000001,86716.0,16792676852.0,277739.0,11651579244.0,191536.0,12647.0
2023-03-31,BRJ3,79.08,79.58,78.84,79.81,78.33,0.01,75258.0,14582663622.0,238064.0,7142859679.0,115876.0,12741.0
2023-04-04,BRK3,86.65,86.01,86.22,87.33,85.8,0.0004,66320.0,12566736341.0,182517.0,16721792646.0,244684.0,14826.0
2023-04-05,BRK3,86.47,86.47,85.93,87.08,85.8,0.0049,60152.0,11591290542.0,168042.0,17639946870.0,255716.0,14899.0
2023-04-06,BRK3,86.44,86.61,86.41,86.88,85.93,0.0021,48709.0,9849871127.0,140068.0,18003007967.0,255514.0,15173.0
2023-04-07,BRK3,86.58,86.46,86.52,86.95,86.3,-0.0025,17115.0,3290990830.0,46859.0,17216010724.0,245480.0,15288.0
2023-04-10,BRK3,86.22,85.99,86.49,86.8,85.34,-0.0054,39733.0,8688001297.0,123567.0,17124619180.0,244198.0,15113.0
2023-04-11,BRK3,85.34,85.68,85.85,86.3,84.52,-0.0033,57251.0,12636153026.0,180541.0,15585358514.0,221790.0,15100.0
2023-04-12,BRK3,86.72,87.33,85.69,87.68,85.57,0.019,58382.0,12558761062.0,176636.0,15930667491.0,222492.0,15347.0
2023-04-13,BRK3,87.67,87.24,87.35,88.14,87.17,-0.0012,40819.0,8638303284.0,120840.0,14553271379.0,204592.0,15223.0
2023-04-14,BRK3,86.73,86.77,87.2,87.26,86.1,-0.0049,53153.0,11714443769.0,164998.0,13390981591.0,188522.0,15024.0
2023-04-17,BRK3,86.2,85.26,86.74,87.05,85.22,-0.0176,43394.0,9238563461.0,131642.0,13022019500.0,187600.0,14738.0
2023-04-18,BRK3,85.27,85.7,85.27,85.78,84.71,0.0053,44132.0,9913224761.0,142589.0,14343534954.0,205272.0,14811.0
2023-04-19,BRK3,84.56,84.65,85.67,85.94,83.8,-0.013000000000000001,64615.0,13816224891.0,199872.0,15748259771.0,227584.0,14611.0
2023-04-20,BRK3,82.95,82.15,84.51,84.74,81.76,-0.028399999999999998,69788.0,13590949023.0,200871.0,16275924880.0,242888.0,14149.0
2023-04-21,BRK3,82.25,82.45,82.01,82.96,81.41,0.0034000000000000002,58246.0,11574890436.0,172443.0,16937090506.0,251702.0,14102.0
2023-04-24,BRK3,82.23,83.07,82.59,83.48,81.4,0.0072,60810.0,12707915233.0,190003.0,16378512203.0,242416.0,14150.0
2023-04-25,BRK3,82.46,81.31,83.16,83.69,81.1,-0.0212,74675.0,14571133430.0,216501.0,16743436232.0,252288.0,13880.0
2023-04-26,BRK3,80.8,80.63,81.39,81.79,79.72,-0.0085,66433.0,15807753934.0,239584.0,15082558555.0,229076.0,13754.0
2023-04-27,BRK3,78.66,78.36,80.65,80.81,77.77,-0.0274,74553.0,17801882364.0,278206.0,13586027650.0,213128.0,13320.0
2023-04-28,BRK3,78.81,79.46,78.4,79.63,77.85,0.0134,55791.0,13110637232.0,207025.0,9625479193.0,150758.0,13165.0
2023-05-03,BRM3,76.51,75.67,78.95,78.95,75.33,-0.043,121978.0,24407650111.0,403319.0,20148936266.0,336628.0,13056.0
2023-05-04,BRM3,75.43,75.11,75.7,76.85,74.32,-0.006500000000000001,101337.0,20075510014.0,341025.0,23548545196.0,401720.0,12772.0
2023-05-05,BRM3,76.17,76.69,75.17,77.39,74.78,0.021400000000000002,76552.0,14803983764.0,251282.0,21564130636.0,363568.0,12755.0
2023-05-08,BRM3,77.37,77.44,76.79,78.02,76.48,0.0108,44139.0,9667386693.0,159943.0,18318709982.0,302794.0,12904.0
2023-05-10,BRM3,77.4,77.35,77.42,78.65,76.6,-0.0017000000000000001,72112.0,13331440546.0,225847.0,16761351888.0,284142.0,12670.0
2023-05-11,BRM3,76.86,76.23,77.4,78.0,75.73,-0.0154,68516.0,13145285004.0,222570.0,17093787422.0,291802.0,12460.0
2023-05-12,BRM3,75.78,75.2,76.16,76.5,75.08,-0.0129,68977.0,12781377295.0,216792.0,17355574793.0,296634.0,12385.0
2023-05-15,BRM3,75.35,76.1,75.2,76.24,74.7,0.013300000000000001,53035.0,10049088470.0,168055.0,18770474817.0,310810.0,12876.0
2023-05-16,BRM3,75.97,75.56,76.2,76.8,75.1,-0.008100000000000001,76632.0,14119686418.0,230905.0,20184340168.0,331864.0,12847.0
2023-05-17,BRM3,75.79,76.86,75.57,76.95,74.75,0.0171,69121.0,12624959831.0,208722.0,19758023351.0,322102.0,13189.0
2023-05-18,BRM3,77.08,76.77,76.95,77.59,76.46,-0.0012,64558.0,12378398396.0,200031.0,20599334347.0,334226.0,13029.0
2023-05-19,BRM3,76.87,76.14,76.75,77.94,75.58,-0.0085,67018.0,12995213704.0,211678.0,20383323067.0,335226.0,12821.0
2023-05-22,BRM3,75.89,76.39,76.1,76.6,74.92,0.0033,63275.0,11693578420.0,192333.0,19885723531.0,324922.0,12842.0
2023-05-23,BRM3,76.9,77.63,76.41,77.88,75.9,0.0166,68116.0,11595434655.0,188098.0,18596664657.0,298844.0,13046.0
2023-05-24,BRM3,78.24,78.44,77.62,78.98,77.1,0.009899999999999999,62573.0,11480743477.0,183191.0,19161022304.0,304964.0,13139.0
2023-05-25,BRM3,77.56,76.11,78.46,78.83,76.01,-0.0308,81399.0,16735933767.0,268949.0,19721366864.0,322954.0,12730.0
2023-05-26,BRM3,76.74,77.0,76.11,77.49,75.93,0.012199999999999999,61938.0,11814574438.0,192366.0,17677924510.0,286876.0,12820.0
2023-05-29,BRM3,77.08,76.84,76.98,77.8,76.46,-0.0013,41023.0,7684564448.0,123261.0,17793767344.0,286308.0,12781.0
2023-05-30,BRM3,75.51,74.13,76.91,77.41,73.86,-0.0356,75687.0,14188970897.0,231563.0,16836783107.0,279882.0,12417.0
2023-05-31,BRM3,72.93,72.89,74.08,74.35,71.6,-0.0163,80873.0,15025501387.0,253950.0,14000061184.0,236800.0,12240.0
2023-06-02,BRN3,76.59,76.99,75.96,77.49,75.47,0.0138,68246.0,15363395189.0,246210.0,18293080493.0,291618.0,13554.0
2023-06-05,BRN3,78.31,78.1,77.02,79.25,77.02,0.0152,76054.0,15470167124.0,243889.0,17332804816.0,274002.0,13790.0
2023-06-06,BRN3,76.9,77.35,78.15,78.6,75.92,-0.0101,78205.0,16669535408.0,266453.0,17578746842.0,279350.0,13616.0
2023-06-07,BRN3,77.6,78.27,77.17,78.36,76.53,0.0123,66482.0,12935938371.0,203442.0,18482342000.0,288170.0,13793.0
2023-06-08,BRN3,77.49,75.57,78.36,78.52,74.88,-0.0317,71330.0,14980637266.0,233867.0,18446498703.0,295286.0,13392.0
2023-06-09,BRN3,76.49,76.75,75.79,77.29,74.76,0.012,76390.0,16298344320.0,257818.0,17197300427.0,271124.0,13606.0
2023-06-13,BRN3,74.42,74.64,76.76,76.86,73.15,-0.0268,86247.0,19752709818.0,314918.0,18849998380.0,299662.0,13342.0
2023-06-14,BRN3,75.23,74.54,74.78,75.94,74.26,-0.0017000000000000001,66234.0,13992847429.0,221162.0,19114368288.0,304924.0,13368.0
2023-06-15,BRN3,74.54,75.5,74.5,75.64,73.84,0.0132,75186.0,16452737649.0,263759.0,19239602513.0,304522.0,13489.0
2023-06-16,BRN3,76.07,76.11,75.54,76.67,75.52,0.0097,68132.0,14294502890.0,223112.0,18627579651.0,290586.0,13499.0
2023-06-19,BRN3,76.63,76.48,76.32,77.16,76.05,0.0028000000000000004,43689.0,8952642571.0,138910.0,18202976928.0,282984.0,13620.0
2023-06-20,BRN3,76.11,75.61,76.5,77.2,74.86,-0.011200000000000002,71189.0,15372524990.0,238488.0,18093095939.0,282534.0,13466.0
2023-06-21,BRN3,76.24,76.92,75.59,77.26,75.36,0.0192,68150.0,14536476131.0,227156.0,16707053906.0,258782.0,13646.0
2023-06-22,BRN3,75.84,74.64,77.1,77.29,74.45,-0.032400000000000005,81322.0,18302266948.0,287316.0,18707862970.0,298408.0,13158.0
2023-06-23,BRN3,73.7,74.0,74.66,74.8,72.7,-0.0079,92704.0,19655856718.0,314981.0,20118355861.0,321080.0,13098.0
2023-06-26,BRN3,74.27,74.32,73.93,74.96,73.64,0.005699999999999999,68533.0,14094983872.0,223224.0,18465647308.0,292260.0,13124.0
2023-06-27,BRN3,73.93,73.38,74.45,74.98,72.91,-0.013300000000000001,92274.0,19684473656.0,313039.0,18615333419.0,298236.0,13044.0
2023-06-28,BRN3,72.79,73.88,73.36,74.06,71.9,0.0048,119194.0,25373593584.0,403773.0,17890291830.0,280486.0,13190.0
2023-06-29,BRN3,74.16,74.01,73.78,75.04,73.43,0.0043,73367.0,17254857247.0,265987.0,15359018611.0,237242.0,13403.0
2023-06-30,BRN3,74.65,74.96,74.08,75.38,74.03,0.012,50855.0,11526583002.0,172181.0,12433905364.0,184970.0,13757.0
2023-07-05,BRQ3,76.52,76.76,76.39,77.12,75.8,0.0055000000000000005,54007.0,11724141134.0,168090.0,12055688187.0,172292.0,15073.0
2023-07-06,BRQ3,76.5,76.16,76.81,77.4,75.48,-0.009399999999999999,60457.0,14625709701.0,209044.0,11289155640.0,162080.0,15132.0
2023-07-07,BRQ3,77.1,77.86,76.1,77.98,75.84,0.023700000000000002,63367.0,14165165451.0,200929.0,11382662794.0,159876.0,15348.0
2023-07-10,BRQ3,78.3,78.64,77.85,78.94,77.77,0.009899999999999999,53774.0,11950149352.0,168350.0,11633958281.0,163194.0,15472.0
2023-07-11,BRQ3,78.53,79.39,78.72,79.54,77.86,0.01,55903.0,11994553682.0,169118.0,11737807569.0,163714.0,15367.0
2023-07-12,BRQ3,79.89,80.15,79.41,80.6,79.25,0.0096,53126.0,11724185601.0,161596.0,12241784986.0,168176.0,15538.0
2023-07-13,BRQ3,80.54,80.65,80.2,81.36,79.79,0.005,55173.0,10856640278.0,149592.0,11877737658.0,163432.0,15526.0
2023-07-14,BRQ3,80.9,80.37,80.6,81.7,80.0,-0.0019,55612.0,11648253150.0,159749.0,11526673906.0,159132.0,15418.0
2023-07-17,BRQ3,79.5,79.22,80.46,80.69,78.65,-0.0159,82620.0,18909483176.0,261361.0,12768207941.0,177098.0,15198.0
2023-07-18,BRQ3,79.17,79.9,79.16,79.99,78.54,0.0085,53989.0,10982387610.0,152778.0,12374817564.0,170568.0,15357.0
2023-07-19,BRQ3,80.37,80.57,79.83,81.08,79.63,0.0098,56443.0,11502357753.0,156710.0,12517264539.0,170112.0,15530.0
2023-07-20,BRQ3,79.88,79.15,80.57,80.57,78.95,-0.0191,58644.0,12908969775.0,178812.0,12626174600.0,176500.0,15154.0
2023-07-21,BRQ3,80.3,80.7,79.33,80.92,79.33,0.0206,52930.0,11976315164.0,163924.0,11954798898.0,162826.0,15268.0
2023-07-24,BRQ3,81.54,82.63,80.59,82.67,80.38,0.024,62750.0,14646913294.0,198640.0,12634327157.0,169080.0,15668.0
2023-07-25,BRQ3,82.79,83.47,82.66,83.48,82.3,0.009399999999999999,59271.0,13658929120.0,182758.0,12513271960.0,166068.0,15723.0
2023-07-26,BRQ3,83.19,83.39,83.48,83.74,82.61,-0.0013,52965.0,12164117817.0,162390.0,11630595680.0,154888.0,15689.0
2023-07-27,BRQ3,83.44,83.75,83.31,84.01,82.72,0.0055000000000000005,55033.0,13979987630.0,184940.0,11141331812.0,146850.0,15715.0
2023-07-28,BRQ3,83.89,84.11,83.78,84.34,83.17,0.0029,49729.0,11379840585.0,147925.0,10100620565.0,130956.0,15851.0
2023-07-31,BRQ3,84.86,85.56,83.93,85.67,83.62,0.0184,34469.0,8493591530.0,109302.0,8133126289.0,103810.0,16187.0
2023-08-02,BRU3,84.96,83.88,85.12,86.1,83.63,-0.0158,61680.0,17256712416.0,215914.0,11517458907.0,145966.0,17035.0
2023-08-03,BRU3,84.0,85.08,83.72,85.28,82.9,0.0165,66851.0,18473282646.0,232116.0,10981959868.0,136232.0,17386.0
2023-08-04,BRU3,85.75,86.33,85.08,86.36,84.96,0.0144,39690.0,10915526350.0,132726.0,10126358767.0,122308.0,17773.0
2023-08-07,BRU3,86.02,85.76,86.3,86.86,85.31,-0.0070999999999999995,44346.0,11923178402.0,145119.0,10705161615.0,130690.0,17867.0
2023-08-08,BRU3,84.8,85.34,85.72,86.23,83.83,-0.0040999999999999995,61611.0,17964634442.0,217905.0,11397312502.0,137372.0,17676.0
2023-08-09,BRU3,86.74,86.85,85.35,87.54,85.34,0.0176,54449.0,15998288059.0,189797.0,10886941746.0,128990.0,18166.0
2023-08-10,BRU3,87.3,87.08,86.74,88.06,86.39,0.0033,50019.0,14238506153.0,167315.0,10513861134.0,123862.0,18247.0
2023-08-11,BRU3,86.71,87.0,87.18,87.25,86.05,-0.0013,52202.0,14216576051.0,165126.0,10580541662.0,122490.0,18287.0
2023-08-14,BRU3,86.45,86.33,87.17,87.42,85.7,-0.0076,47007.0,14476664029.0,171376.0,10058620753.0,119242.0,18695.0
2023-08-15,BRU3,85.65,84.69,86.43,86.77,84.57,-0.0192,50239.0,13383040492.0,160851.0,10217508047.0,124196.0,17696.0
2023-08-16,BRU3,85.02,84.89,84.72,85.49,84.46,0.0022,39534.0,10957712395.0,136180.0,10275307528.0,127892.0,17437.0
2023-08-17,BRU3,84.21,84.66,84.9,84.95,83.4,-0.0039000000000000003,51627.0,13612261315.0,172574.0,10152887826.0,128030.0,16761.0
2023-08-18,BRU3,83.99,84.31,84.6,84.7,83.25,-0.0031,47136.0,14631677500.0,186122.0,10853512446.0,137532.0,16688.0
2023-08-21,BRU3,85.24,85.3,84.29,85.89,84.22,0.0109,43205.0,12234508301.0,153402.0,10203927124.0,127850.0,16938.0
2023-08-22,BRU3,84.42,84.26,85.25,85.25,83.94,-0.0113,40645.0,12401601516.0,155845.0,9848987400.0,123996.0,16684.0
2023-08-23,BRU3,83.19,83.35,84.25,84.53,82.2,-0.011200000000000002,62619.0,17760371224.0,226405.0,9326394776.0,118660.0,16531.0
2023-08-24,BRU3,83.06,83.19,83.35,83.75,82.16,-0.002,58640.0,15092361636.0,191873.0,9240763424.0,117292.0,16452.0
2023-08-25,BRU3,84.08,84.02,83.18,84.72,83.02,0.01,53634.0,16013623684.0,199881.0,8942842028.0,111708.0,16582.0
2023-08-28,BRU3,84.34,84.35,84.03,85.2,82.87,0.0046,59385.0,16321340066.0,203193.0,8668546387.0,107908.0,16734.0
2023-08-29,BRU3,84.55,84.75,84.45,85.1,83.89,0.0043,45060.0,11352938331.0,140655.0,7825231596.0,96716.0,16902.0
2023-08-30,BRU3,85.66,85.7,84.68,86.19,84.66,0.0105,42963.0,12282167132.0,149058.0,6913918404.0,83864.0,17047.0
2023-08-31,BRU3,86.2,86.56,85.55,86.92,85.15,0.0103,33532.0,9555024032.0,115436.0,5866238349.0,70580.0,17266.0
2023-09-04,BRV3,88.73,89.01,88.39,89.17,88.26,0.0072,28040.0,8377369716.0,97504.0,12023451387.0,139502.0,18678.0
2023-09-05,BRV3,89.59,90.94,88.98,91.09,88.19,0.0217,69802.0,20530951633.0,234238.0,14625476667.0,164386.0,19228.0
2023-09-06,BRV3,89.98,90.24,90.88,91.01,89.41,-0.0077,44605.0,13129123676.0,148230.0,13344000136.0,150218.0,19125.0
2023-09-07,BRV3,90.46,90.59,90.28,90.98,90.01,0.0040999999999999995,35215.0,10936449659.0,122811.0,13899427586.0,155868.0,19239.0
2023-09-08,BRV3,90.31,90.72,90.47,91.01,89.52,0.0009,39597.0,13945431480.0,157861.0,14478454182.0,163162.0,19067.0
2023-09-11,BRV3,90.83,90.66,90.71,91.46,90.29,-0.0004,37752.0,13080969722.0,151263.0,14009409468.0,162310.0,18703.0
2023-09-12,BRV3,91.56,92.2,90.74,92.42,90.52,0.0169,40310.0,15403527318.0,177119.0,14699484871.0,167842.0,18709.0
2023-09-13,BRV3,92.26,92.28,92.17,92.73,91.72,0.0001,28411.0,11474008214.0,129262.0,14842548969.0,167176.0,18881.0
2023-09-14,BRV3,92.76,93.36,92.15,94.87,91.62,0.012199999999999999,36634.0,13483444026.0,149658.0,14484803830.0,159738.0,19156.0
2023-09-15,BRV3,93.67,93.66,93.36,94.37,92.73,0.0034000000000000002,40616.0,15315455306.0,169328.0,13891384688.0,153598.0,19224.0
2023-09-18,BRV3,94.34,94.57,93.72,94.82,93.52,0.0097,31601.0,11186960231.0,122997.0,14886932645.0,163282.0,19318.0
2023-09-19,BRV3,94.87,95.09,94.53,95.7,93.73,0.0059,44983.0,19172056141.0,208761.0,17108955711.0,185860.0,19356.0
2023-09-20,BRV3,93.83,93.9,95.05,95.1,92.79,-0.013500000000000002,59149.0,20406692816.0,225592.0,15524700603.0,171488.0,19149.0
2023-09-21,BRV3,93.35,93.53,93.84,94.34,92.21,-0.003,73396.0,28100746394.0,312645.0,16392522339.0,182030.0,18918.0
2023-09-22,BRV3,93.7,93.49,93.49,94.44,93.06,-0.0011,51519.0,18562280460.0,206253.0,14554715271.0,162094.0,18838.0
2023-09-25,BRV3,93.26,92.93,93.38,94.02,92.53,-0.005,55194.0,20054162949.0,223563.0,14751732425.0,165034.0,18694.0
2023-09-26,BRV3,92.77,93.65,93.0,93.8,91.87,0.0076,63227.0,23978812238.0,268454.0,16421409003.0,182126.0,18840.0
2023-09-27,BRV3,95.06,96.29,93.69,96.79,93.69,0.0275,74998.0,27150819668.0,295394.0,18802551942.0,201956.0,19370.0
2023-09-28,BRV3,96.4,96.27,96.27,97.43,95.5,-0.0006,60743.0,22660459413.0,242738.0,13575284286.0,145608.0,19409.0
2023-09-29,BRV3,95.41,95.38,96.15,96.15,94.71,-0.0083,50150.0,19590743146.0,209623.0,9014099711.0,96484.0,19341.0
2023-10-03,BRX3,91.02,91.6,91.48,91.78,90.17,0.001,59049.0,20953848147.0,231003.0,17538250357.0,192114.0,19748.0
2023-10-04,BRX3,89.76,88.1,91.6,91.9,87.91,-0.038599999999999995,94787.0,29622877726.0,331331.0,20059834119.0,228604.0,19020.0
2023-10-05,BRX3,86.05,84.91,88.0,88.0,84.55,-0.0366,133818.0,44348578403.0,513337.0,24496383424.0,287368.0,18350.0
2023-10-06,BRX3,84.74,85.09,84.79,85.46,84.02,0.002,95290.0,31610310244.0,371562.0,26951844608.0,315520.0,18416.0
2023-10-09,BRX3,87.41,88.25,85.18,88.67,84.9,0.0379,86154.0,26893441134.0,309672.0,24591590212.0,280478.0,19221.0
2023-10-10,BRX3,88.01,87.62,88.29,88.79,87.16,-0.005699999999999999,73465.0,24133564570.0,273075.0,24071302977.0,273574.0,18752.0
2023-10-11,BRX3,87.15,86.26,87.75,88.51,85.61,-0.016399999999999998,88833.0,28581913510.0,327586.0,24707243430.0,286088.0,18479.0
2023-10-12,BRX3,86.92,86.4,86.29,87.81,85.62,0.0013,86068.0,28152632889.0,332402.0,23810994373.0,282842.0,17936.0
2023-10-13,BRX3,88.46,89.6,86.53,89.96,85.82,0.0375,113248.0,38932458150.0,452478.0,21420043015.0,245790.0,18573.0
2023-10-16,BRX3,90.59,90.19,89.67,91.52,89.62,0.0060999999999999995,109992.0,36634518664.0,415539.0,21534605376.0,245336.0,18661.0
2023-10-17,BRX3,90.04,89.56,90.23,90.77,89.1,-0.006500000000000001,77329.0,26140400721.0,296965.0,22211508361.0,253692.0,18494.0
2023-10-18,BRX3,91.63,91.25,89.55,93.19,89.27,0.0184,128325.0,41658424705.0,466819.0,24362528016.0,274142.0,18797.0
2023-10-19,BRX3,90.97,91.59,91.42,92.15,89.94,0.0037,107819.0,31399462721.0,355594.0,24154905544.0,271702.0,18842.0
2023-10-20,BRX3,93.19,93.53,91.6,93.96,91.6,0.0206,112098.0,35420989292.0,399242.0,22520082796.0,252896.0,18845.0
2023-10-23,BRX3,92.14,91.35,93.49,93.58,91.01,-0.024300000000000002,101943.0,30675665912.0,353131.0,22501041471.0,261282.0,18142.0
2023-10-24,BRX3,89.89,88.5,91.18,91.21,87.91,-0.03,136440.0,38541590994.0,459732.0,24860876395.0,301210.0,17354.0
2023-10-25,BRX3,88.26,88.8,88.4,89.07,87.04,0.0037,111303.0,31380158295.0,381448.0,23190716904.0,280178.0,17319.0
2023-10-26,BRX3,89.23,88.83,88.91,90.47,87.82,0.0009,147587.0,41211789592.0,493379.0,22022346997.0,264838.0,17372.0
2023-10-27,BRX3,89.08,88.97,88.89,90.28,87.79,0.0002,113651.0,31304660799.0,373362.0,20703616702.0,247244.0,17186.0
2023-10-30,BRX3,89.41,88.11,88.89,90.91,87.59,-0.008,126181.0,33272632551.0,400649.0,18050677035.0,220552.0,17026.0
2023-10-31,BRX3,88.03,87.93,88.04,88.63,87.34,-0.0032,71563.0,21172796897.0,257434.0,12796931416.0,155776.0,16740.0
2023-11-02,BRZ3,86.24,86.64,87.18,87.32,85.52,-0.0046,110033.0,40271506774.0,500548.0,44367974019.0,548920.0,17553.0
2023-11-03,BRZ3,87.21,87.01,86.77,88.25,86.07,0.0032,130621.0,44594422745.0,553370.0,44480458399.0,553216.0,17506.0
2023-11-06,BRZ3,86.26,86.77,87.0,87.0,85.35,-0.0033,93799.0,32132337023.0,403663.0,43667556747.0,545358.0,17311.0
2023-11-07,BRZ3,85.15,84.29,86.73,86.99,84.06,-0.028999999999999998,110625.0,37561788357.0,477597.0,48022650307.0,616836.0,16798.0
2023-11-08,BRZ3,82.92,81.96,84.3,84.37,81.61,-0.026699999999999998,138683.0,43588450671.0,572213.0,51201195717.0,680050.0,16253.0
2023-11-09,BRZ3,81.82,82.75,81.9,82.89,80.94,0.0085,111448.0,33042729799.0,438839.0,52499784862.0,689410.0,16360.0
2023-11-10,BRZ3,82.27,82.43,82.66,82.7,81.58,-0.0036,58392.0,17523685691.0,230961.0,52726863840.0,693592.0,16215.0
2023-11-13,BRZ3,82.34,82.84,82.38,83.13,81.28,0.0046,84064.0,25213892367.0,334405.0,52651464172.0,694096.0,16277.0
2023-11-14,BRZ3,83.3,84.28,82.77,84.33,82.42,0.0173,80896.0,25657322821.0,340059.0,47971991018.0,628452.0,16362.0
2023-11-15,BRZ3,83.04,82.69,84.18,84.18,82.09,-0.0183,85015.0,24967957488.0,336707.0,48117160485.0,651648.0,15644.0
2023-11-16,BRZ3,80.92,79.56,82.61,82.61,79.04,-0.037599999999999995,127858.0,40051205187.0,556274.0,54196552155.0,765602.0,15012.0
2023-11-17,BRZ3,79.29,80.58,79.47,80.67,78.24,0.013000000000000001,107577.0,32438229147.0,454543.0,53257088177.0,734294.0,15139.0
2023-11-20,BRZ3,82.05,83.26,80.58,83.33,80.46,0.033,108124.0,34861555756.0,480455.0,46196036248.0,627398.0,15492.0
2023-11-21,BRZ3,82.58,82.68,83.21,83.43,81.88,-0.006,74575.0,21737098079.0,299748.0,44519420509.0,613172.0,15289.0
2023-11-22,BRZ3,81.1,79.97,82.66,83.18,79.34,-0.0336,134007.0,39178801927.0,546757.0,49695976216.0,703376.0,14821.0
2023-11-23,BRZ3,81.38,81.14,80.06,82.44,79.8,0.0151,103197.0,31235315665.0,434546.0,46085821316.0,643026.0,15006.0
2023-11-24,BRZ3,81.75,82.28,81.15,82.39,81.01,0.0137,61620.0,17635578331.0,243244.0,43580784624.0,597210.0,15255.0
2023-11-27,BRZ3,80.65,80.89,82.26,82.42,79.61,-0.0158,105909.0,27271699091.0,380663.0,44238777683.0,615700.0,14943.0
2023-11-28,BRZ3,80.68,81.64,80.9,81.67,79.84,0.008,90285.0,24939874381.0,346439.0,40178332461.0,551574.0,15031.0
2023-11-29,BRZ3,82.15,81.74,81.66,83.13,81.06,0.0015,88989.0,29224901384.0,401291.0,28800364809.0,397434.0,15074.0
2023-11-30,BRZ3,83.56,83.6,81.77,84.72,81.77,0.0245,99117.0,32872469187.0,439815.0,18420322682.0,246332.0,15336.0
2023-12-04,BRF4,79.87,79.78,82.09,82.5,78.42,-0.0282,138470.0,47175379616.0,648674.0,39985375218.0,550434.0,15624.0
2023-12-05,BRF4,79.2,79.34,79.75,80.1,78.22,-0.005600000000000001,106994.0,33382579496.0,455753.0,43106944919.0,587468.0,15676.0
2023-12-06,BRF4,77.66,76.32,79.25,79.51,76.29,-0.0374,116112.0,35970732594.0,499471.0,47524375720.0,671490.0,15202.0
2023-12-07,BRF4,75.74,75.48,76.33,76.33,75.08,-0.012,98664.0,29614547320.0,424327.0,47552378809.0,683652.0,15010.0
2023-12-08,BRF4,75.91,76.75,75.44,77.04,74.38,0.0179,115029.0,32905807257.0,471168.0,46585204620.0,659740.0,15006.0
2023-12-11,BRF4,76.33,76.31,76.69,77.28,75.55,-0.0053,86095.0,25591108367.0,368494.0,43675277236.0,629060.0,14798.0
2023-12-12,BRF4,75.76,74.58,76.35,77.07,74.25,-0.023799999999999998,107002.0,30128805423.0,441512.0,47003727381.0,699742.0,14314.0
2023-12-13,BRF4,73.92,74.65,74.52,74.79,73.01,0.002,113315.0,32263225009.0,485313.0,47322999900.0,704880.0,14274.0
2023-12-14,BRF4,75.97,77.16,74.7,77.48,74.27,0.0337,96747.0,28200986533.0,413389.0,44972227131.0,649022.0,14717.0
2023-12-15,BRF4,77.05,76.53,77.21,77.77,75.79,-0.0092,91216.0,27419395056.0,394909.0,43475513054.0,630394.0,14504.0
2023-12-18,BRF4,77.83,78.8,76.58,79.64,76.1,0.031200000000000002,137249.0,42276475189.0,602633.0,41249256276.0,580768.0,15014.0
2023-12-19,BRF4,78.44,79.28,78.92,79.3,77.72,0.0048,99855.0,31941193974.0,450213.0,40149115887.0,559944.0,15040.0
2023-12-20,BRF4,79.92,79.92,79.27,80.71,79.03,0.0083,99414.0,33297044764.0,458110.0,37438580583.0,515064.0,15185.0
2023-12-21,BRF4,79.32,79.28,79.98,80.58,78.11,-0.0088,125012.0,42610524273.0,583553.0,33712141964.0,461904.0,15308.0
2023-12-22,BRF4,79.82,79.68,79.24,80.48,78.67,0.0059,89939.0,28642853034.0,389642.0,31822583621.0,433656.0,15224.0
2023-12-25,BRF4,79.37,79.4,79.67,79.74,78.97,-0.0036,37566.0,10523337515.0,144441.0,30643257892.0,420444.0,15201.0
2023-12-26,BRF4,80.1,81.13,79.38,81.25,78.66,0.0218,56475.0,20286525901.0,276285.0,25898166519.0,348212.0,15448.0
2023-12-27,BRF4,80.98,80.63,81.18,81.73,80.04,-0.0074,71971.0,22608455335.0,305795.0,25043205917.0,340190.0,15334.0
2023-12-28,BRF4,79.37,78.68,80.57,80.65,78.32,-0.023799999999999998,62103.0,21967977276.0,308996.0,21945030899.0,311378.0,14703.0
2024-01-03,BRG4,77.45,78.66,78.32,78.87,75.91,0.0063,78197.0,27619858578.0,388151.0,26627267631.0,368436.0,15687.0
2024-01-04,BRG4,79.15,78.59,78.74,79.92,78.29,-0.0008,64257.0,19276709717.0,266791.0,27198265831.0,379094.0,15585.0
2024-01-05,BRG4,78.59,79.21,78.55,79.72,77.45,0.0079,76982.0,25341715200.0,354882.0,28150098591.0,391132.0,15584.0
2024-01-08,BRG4,77.57,76.81,79.38,79.66,76.18,-0.031,89632.0,32514304675.0,459047.0,37658872832.0,536942.0,15005.0
2024-01-09,BRG4,77.59,77.5,76.8,78.56,76.33,0.0077,84809.0,31401778008.0,450506.0,29489567116.0,423566.0,14993.0
2024-01-10,BRG4,78.3,78.13,77.53,79.17,77.46,0.011200000000000002,78643.0,23565030651.0,336724.0,29507731326.0,422550.0,14984.0
2024-01-11,BRG4,78.03,79.06,78.2,79.09,77.03,0.0098,102483.0,32730529046.0,473833.0,28900970700.0,412930.0,15062.0
2024-01-12,BRG4,79.58,79.57,79.03,81.0,77.75,0.0058,134961.0,43754590445.0,622465.0,28190231582.0,401112.0,14966.0
2024-01-15,BRG4,78.41,77.88,79.56,79.58,77.28,-0.020499999999999997,99706.0,31441232442.0,457665.0,32424468179.0,475194.0,14520.0
2024-01-16,BRG4,78.76,78.11,77.95,79.58,77.95,0.0053,94391.0,28708967475.0,415498.0,30892070828.0,450820.0,14565.0
2024-01-17,BRG4,77.7,77.61,78.28,79.08,76.81,-0.0088,106972.0,34766529622.0,503892.0,36290728625.0,526566.0,14567.0
2024-01-18,BRG4,78.16,78.52,77.62,78.77,77.32,0.0132,81761.0,26000234427.0,373786.0,32554124278.0,465830.0,14745.0
2024-01-19,BRG4,79.26,79.57,78.55,79.87,78.29,0.0131,87647.0,29441171521.0,420983.0,29993105934.0,427198.0,14843.0
2024-01-22,BRG4,78.94,79.68,79.59,79.83,78.13,0.0002,79843.0,25783898644.0,371619.0,28433284297.0,405980.0,14728.0
2024-01-23,BRG4,79.89,79.95,79.65,80.59,78.98,0.0044,99159.0,31262984815.0,442077.0,26336995833.0,372148.0,14773.0
2024-01-24,BRG4,79.89,80.19,80.04,80.49,79.24,0.0021,81891.0,27052088984.0,382171.0,25710057495.0,361872.0,14837.0
2024-01-25,BRG4,80.82,81.3,80.24,81.52,79.97,0.0132,84473.0,28886396777.0,402279.0,23530525344.0,325756.0,15084.0
2024-01-26,BRG4,82.07,82.68,81.25,82.85,81.2,0.017,68992.0,23020737850.0,312428.0,22080555284.0,297450.0,15438.0
2024-01-29,BRG4,82.95,82.65,82.6,84.07,81.47,0.0007000000000000001,111175.0,37097913732.0,502795.0,15993841990.0,217562.0,15382.0
2024-01-30,BRG4,82.36,82.61,82.72,82.97,81.44,0.0004,78356.0,24074301963.0,325948.0,14653126856.0,197800.0,15299.0
2024-01-31,BRG4,82.45,81.74,82.75,83.3,81.66,-0.009399999999999999,49089.0,16420041994.0,221405.0,9343236570.0,127074.0,15177.0
2024-02-02,BRH4,79.92,78.68,81.82,82.1,78.43,-0.0401,143669.0,49749976252.0,684490.0,32228745383.0,450392.0,15422.0
2024-02-05,BRH4,78.38,77.96,78.67,78.94,77.81,-0.0084,78460.0,22911101183.0,323116.0,34311088218.0,486526.0,15353.0
2024-02-06,BRH4,78.99,79.21,78.06,79.49,78.04,0.0163,69129.0,20200385773.0,280489.0,31556613478.0,436962.0,15505.0
2024-02-07,BRH4,79.55,79.64,79.18,80.02,78.78,0.0053,63026.0,21136902455.0,291317.0,27788875399.0,382558.0,15638.0
2024-02-08,BRH4,80.5,81.35,79.69,81.49,79.65,0.021099999999999997,68954.0,21228431473.0,290515.0,25321208482.0,342884.0,15956.0
2024-02-09,BRH4,81.86,82.09,81.3,82.47,81.11,0.0085,66779.0,22465575034.0,301534.0,22981507149.0,307580.0,15933.0
2024-02-12,BRH4,81.91,82.15,81.99,82.42,81.18,0.0016,55774.0,17153549801.0,229457.0,22191130140.0,295968.0,15972.0
2024-02-13,BRH4,82.56,82.55,82.1,83.13,81.86,0.0058,52066.0,16657783398.0,220975.0,21668181673.0,287490.0,16043.0
2024-02-14,BRH4,83.13,82.67,82.64,83.78,82.5,0.0004,59496.0,20090719492.0,264248.0,20009156649.0,264648.0,16068.0
2024-02-15,BRH4,82.03,82.67,82.68,83.14,81.11,0.0007000000000000001,80744.0,24507579596.0,323378.0,18143379382.0,237548.0,16172.0
2024-02-16,BRH4,82.82,83.01,82.75,83.4,82.17,0.0031,62628.0,19776792889.0,258826.0,18312316534.0,239120.0,16236.0
2024-02-19,BRH4,83.24,83.58,82.95,83.62,82.73,0.0075,39980.0,14742364169.0,191590.0,16037881295.0,207574.0,16265.0
2024-02-20,BRH4,83.19,82.44,83.57,83.77,82.3,-0.013600000000000001,47403.0,15056744457.0,195971.0,15959344336.0,209600.0,16031.0
2024-02-21,BRH4,82.35,82.69,82.42,82.84,81.85,0.0034000000000000002,55573.0,19352378843.0,253826.0,15418619723.0,201388.0,16063.0
2024-02-22,BRH4,83.04,83.12,82.79,83.52,82.46,0.0052,47690.0,17111232945.0,221586.0,13793180327.0,178450.0,16131.0
2024-02-26,BRH4,82.15,82.14,83.19,83.98,81.21,-0.0123,52501.0,17681687318.0,233336.0,12577334804.0,165998.0,15764.0
2024-02-27,BRH4,82.66,83.08,82.11,83.28,81.94,0.0118,52383.0,15071557122.0,197882.0,10960416114.0,143180.0,15887.0
2024-02-28,BRH4,83.42,83.74,83.16,84.27,82.68,0.009300000000000001,55755.0,17033058390.0,223886.0,9359320298.0,122554.0,15906.0
2024-02-29,BRH4,83.44,83.53,83.8,83.94,83.01,-0.004,37441.0,12142360686.0,159908.0,5408203032.0,71146.0,15715.0
2024-03-04,BRJ4,84.12,83.74,84.15,84.78,83.55,-0.0046,60404.0,20648407997.0,268857.0,15091700717.0,197402.0,16607.0
2024-03-05,BRJ4,83.1,83.18,83.78,83.99,82.41,-0.0078000000000000005,69898.0,21569761042.0,286314.0,18154796892.0,240754.0,16390.0
2024-03-06,BRJ4,83.16,84.01,83.2,84.07,82.4,0.0108,53840.0,17246930740.0,229014.0,17362495953.0,228208.0,16412.0
2024-03-07,BRJ4,83.23,82.88,84.07,84.31,82.61,-0.0134,60196.0,18487237788.0,244975.0,16830091085.0,223950.0,16155.0
2024-03-11,BRJ4,82.48,82.64,82.93,83.7,81.51,-0.0031,68784.0,21831724826.0,291936.0,17406166987.0,232300.0,16054.0
2024-03-12,BRJ4,82.74,82.73,82.69,83.27,82.07,0.0011,57311.0,17834929941.0,235000.0,16572807972.0,218388.0,16127.0
2024-03-13,BRJ4,83.22,83.56,82.8,83.98,82.17,0.0097,61148.0,19301368042.0,253271.0,16953247661.0,221552.0,16342.0
2024-03-14,BRJ4,84.73,85.24,83.55,85.63,83.5,0.0217,61709.0,18603883969.0,239592.0,19062078281.0,244010.0,16632.0
2024-03-15,BRJ4,85.26,85.24,85.39,85.75,84.81,-0.0021,45848.0,14698391273.0,185680.0,18678156448.0,236002.0,16627.0
2024-03-18,BRJ4,85.93,86.45,85.23,86.49,85.23,0.0154,49285.0,14902911880.0,188649.0,19157077820.0,241046.0,16834.0
2024-03-19,BRJ4,86.99,87.58,86.49,87.72,86.27,0.0125,53005.0,16735963966.0,207969.0,19148404168.0,236344.0,17149.0
2024-03-20,BRJ4,86.68,86.03,87.58,87.68,85.79,-0.0172,61458.0,20512472816.0,256118.0,16404950203.0,206382.0,16826.0
2024-03-21,BRJ4,85.9,85.48,86.06,86.74,85.2,-0.0072,54871.0,17697536370.0,223772.0,14821202853.0,188318.0,16480.0
2024-03-22,BRJ4,85.73,85.8,85.49,86.22,85.26,0.0043,42671.0,13505938704.0,169991.0,14450094695.0,181736.0,16693.0
2024-03-25,BRJ4,86.17,86.8,85.76,87.18,85.36,0.0116,48342.0,16274105943.0,203783.0,13332204921.0,165736.0,16829.0
2024-03-26,BRJ4,86.64,86.64,86.75,87.07,86.15,-0.0018,45322.0,13856998065.0,172471.0,12941882002.0,161082.0,16751.0
2024-03-27,BRJ4,85.8,86.07,86.59,86.73,85.26,-0.006999999999999999,47362.0,14233157744.0,180098.0,11289183773.0,142392.0,16608.0
2024-03-28,BRJ4,86.67,87.3,86.02,87.47,85.61,0.0144,43196.0,13822924687.0,172455.0,8538681599.0,105754.0,16766.0
2024-03-29,BRJ4,87.4,87.4,87.27,87.54,87.21,0.0014000000000000002,12170.0,4200670252.0,52042.0,5551054394.0,68772.0,16714.0
