,BOARDID,TRADEDATE,SECID,NUMTRADES,VALUE,OPEN,LOW,HIGH,WAPRICE,CLOSE,VOLUME,ADMITTEDQUOTE,ADMITTEDVALUE,TRENDCLSPR
0,TQBR,2021-01-04,LKOH,25148,4077814489.0,5238.5,5186.5,5274.5,5239.0,5212.5,778343,5243.5,3534439785.5,0.83
1,TQBR,2021-01-05,LKOH,33260,6222500542.5,5214.5,5180.0,5359.0,5278.0,5358.5,1178943,5311.0,5159927106.5,2.8
2,TQBR,2021-01-06,LKOH,38447,7490176190.5,5375.0,5304.0,5401.0,5369.5,5376.5,1394998,5395.0,6804506193.5,0.34
3,TQBR,2021-01-08,LKOH,55384,11402549102.0,5450.0,5425.0,5557.5,5509.0,5556.5,2070143,5521.0,10717623852.0,3.35
4,TQBR,2021-01-11,LKOH,49387,11409883557.0,5510.0,5451.0,5639.0,5572.0,5599.0,2047794,5600.0,11003470110.0,0.76
5,TQBR,2021-01-12,LKOH,44998,9932069867.5,5616.0,5615.0,5724.5,5685.0,5721.0,1747049,5705.0,9317986952.5,2.18
6,TQBR,2021-01-13,LKOH,48343,11786341617.0,5750.0,5706.0,5827.0,5761.5,5755.0,2045581,5787.0,11067061709.5,0.59
7,TQBR,2021-01-14,LKOH,56332,12369392481.5,5750.0,5715.0,5957.5,5868.0,5937.0,2106542,5907.5,11572096065.0,3.16
8,TQBR,2021-01-15,LKOH,50951,11349931000.5,5882.5,5852.0,5995.0,5925.0,5888.5,1915743,5900.0,10504813974.0,-0.82
9,TQBR,2021-01-18,LKOH,34058,7659285796.0,5865.0,5802.5,5902.0,5854.0,5873.0,1308036,5877.0,7512106052.5,-0.26
10,TQBR,2021-01-19,LKOH,32747,7353644946.0,5913.0,5854.0,5968.0,5913.0,5892.0,1243631,5883.0,6681709167.0,0.32
11,TQBR,2021-01-20,LKOH,26223,5704963137.0,5907.0,5843.0,5962.0,5903.0,5864.0,966472,5864.5,5264714289.0,-0.48
12,TQBR,2021-01-21,LKOH,44944,10584074044.0,5884.5,5710.0,5921.5,5776.5,5771.0,1832271,5767.5,10170754958.5,-1.59
13,TQBR,2021-01-22,LKOH,41942,9356268615.5,5701.0,5626.0,5787.0,5708.0,5740.5,1639101,5729.0,8924589399.0,-0.53
14,TQBR,2021-01-25,LKOH,37928,7557730686.5,5755.0,5675.0,5797.5,5721.5,5722.0,1320901,5728.5,7070807660.5,-0.32
15,TQBR,2021-01-26,LKOH,45134,9120974839.5,5681.0,5553.0,5703.5,5622.5,5595.5,1622050,5590.0,8849063189.5,-2.21
16,TQBR,2021-01-27,LKOH,45343,9599811633.0,5619.5,5484.0,5631.0,5538.5,5499.5,1733280,5500.5,9057371734.0,-1.72
17,TQBR,2021-01-28,LKOH,41764,9340965397.0,5467.0,5442.5,5617.0,5540.5,5575.0,1686020,5580.0,8878779222.5,1.37
18,TQBR,2021-01-29,LKOH,53001,11023222997.5,5552.0,5365.5,5561.5,5452.0,5377.0,2021903,5401.0,10382753657.5,-3.55
19,TQBR,2021-02-01,LKOH,48737,11308462385.0,5420.0,5296.5,5426.0,5350.0,5406.0,2113706,5316.0,10638200013.5,0.54
20,TQBR,2021-02-02,LKOH,56832,13486476730.5,5427.5,5407.5,5577.0,5502.5,5516.0,2451039,5560.0,12566322025.5,2.03
21,TQBR,2021-02-03,LKOH,50770,10005040691.5,5554.0,5491.5,5642.0,5560.0,5555.0,1799457,5526.5,9472743535.5,0.71
22,TQBR,2021-02-04,LKOH,50910,12822850449.5,5565.0,5529.0,5728.5,5645.5,5699.5,2271731,5664.5,12032242461.0,2.6
23,TQBR,2021-02-05,LKOH,33061,6418080468.0,5742.0,5644.0,5770.5,5697.5,5715.0,1126362,5700.0,6074047834.5,0.27
24,TQBR,2021-02-08,LKOH,29073,5544754061.5,5750.0,5698.0,5797.5,5752.0,5758.0,963993,5747.0,5096042542.5,0.75
25,TQBR,2021-02-09,LKOH,30579,6018300785.5,5780.5,5654.0,5796.0,5728.0,5695.0,1051082,5688.5,5494168670.0,-1.09
26,TQBR,2021-02-10,LKOH,34448,7527315013.0,5699.5,5560.0,5712.5,5614.0,5594.5,1340820,5571.0,6859915532.5,-1.76
27,TQBR,2021-02-11,LKOH,22351,3968372046.5,5581.0,5546.0,5690.0,5621.0,5641.5,705999,5668.5,3488131581.0,0.84
28,TQBR,2021-02-12,LKOH,37980,7107380825.5,5624.5,5501.0,5756.5,5616.5,5756.0,1265401,5706.0,6131675990.0,2.03
29,TQBR,2021-02-15,LKOH,35863,6666841299.5,5820.0,5772.0,5910.0,5836.0,5909.5,1142351,5887.5,6082744954.0,2.67
30,TQBR,2021-02-16,LKOH,29952,5483598164.5,5918.0,5805.5,5930.0,5872.0,5868.5,933839,5865.0,5076908873.5,-0.69
31,TQBR,2021-02-17,LKOH,33203,7425242190.5,5865.0,5682.0,5876.5,5778.0,5768.5,1285106,5688.5,6548713242.5,-1.7
32,TQBR,2021-02-18,LKOH,35186,7148180284.0,5761.0,5588.5,5784.0,5659.5,5615.0,1263225,5603.5,6716156740.5,-2.66
33,TQBR,2021-02-19,LKOH,30775,6982051464.0,5576.0,5561.0,5697.0,5615.0,5656.0,1243506,5665.5,6477698916.5,0.73
34,TQBR,2021-02-20,LKOH,6067,692471820.0,5657.0,5602.5,5659.0,5624.5,5633.0,123120,5635.0,659941943.5,-0.41
35,TQBR,2021-02-22,LKOH,29466,6823626951.5,5650.5,5592.0,5797.0,5724.5,5786.0,1191981,5771.5,6119251309.5,2.72
36,TQBR,2021-02-24,LKOH,32315,6536899945.0,5751.0,5676.5,5791.0,5740.5,5788.5,1138744,5750.0,5986016220.0,0.04
37,TQBR,2021-02-25,LKOH,41926,9624675015.5,5804.5,5731.0,5888.0,5833.0,5740.5,1650247,5858.0,8498326558.0,-0.83
38,TQBR,2021-02-26,LKOH,45848,14150008675.5,5707.0,5545.0,5794.5,5642.0,5575.5,2508179,5603.5,12731229650.0,-2.87
39,TQBR,2021-03-01,LKOH,29342,5859759342.0,5623.0,5590.5,5660.0,5625.5,5634.0,1041586,5644.0,5336286690.0,1.05
40,TQBR,2021-03-02,LKOH,21000,4347140472.0,5610.0,5592.0,5676.0,5635.0,5648.5,771443,5650.5,4092675613.5,0.26
41,TQBR,2021-03-03,LKOH,22405,5073206354.5,5682.0,5631.5,5747.5,5706.5,5701.0,889035,5715.0,4792365731.0,0.93
42,TQBR,2021-03-04,LKOH,53393,11296821336.0,5719.0,5690.0,5955.0,5809.0,5806.0,1944534,5814.5,7593937581.5,1.84
43,TQBR,2021-03-05,LKOH,102733,23380991632.0,5852.0,5852.0,6245.0,6089.5,6236.0,3839237,6197.5,21714511016.5,7.41
44,TQBR,2021-03-09,LKOH,60003,12505093248.0,6200.0,6167.0,6405.0,6319.5,6305.0,1978806,6306.5,11888407416.5,1.11
45,TQBR,2021-03-10,LKOH,50913,10151007350.0,6276.0,6084.0,6300.5,6174.5,6127.5,1644012,6115.0,9646415259.0,-2.82
46,TQBR,2021-03-11,LKOH,43222,9494222389.5,6150.0,6109.5,6339.0,6220.5,6339.0,1526249,6307.5,8855754021.0,3.45
47,TQBR,2021-03-12,LKOH,30850,6018351349.5,6310.5,6267.0,6377.0,6330.5,6356.0,950677,6357.0,5445335563.5,0.27
48,TQBR,2021-03-15,LKOH,42445,10951115093.5,6381.0,6360.0,6480.0,6422.5,6472.5,1704619,6478.5,10416131541.5,1.83
49,TQBR,2021-03-16,LKOH,42078,12204244928.0,6451.0,6314.0,6470.5,6384.0,6445.0,1911379,6470.0,11639021537.5,-0.42
50,TQBR,2021-03-17,LKOH,41472,10211414731.5,6450.0,6294.0,6475.0,6341.5,6363.0,1610167,6334.5,9373871804.5,-1.27
51,TQBR,2021-03-18,LKOH,54365,13279964586.0,6369.0,6059.0,6373.5,6219.5,6083.0,2135207,6196.0,11836140526.5,-4.4
53,TQBR,2021-03-19,LKOH,57006,17563882869.0,6073.0,5960.0,6149.0,6041.0,6078.0,2907248,6023.5,16460190631.0,-0.08
54,TQBR,2021-03-22,LKOH,30766,7433760099.0,6063.0,5980.0,6167.0,6102.5,6118.0,1218133,6150.0,6901964627.0,0.66
55,TQBR,2021-03-23,LKOH,45175,10404917676.0,6088.0,5951.0,6098.0,6009.5,5961.0,1731389,5985.5,9572619371.5,-2.57
56,TQBR,2021-03-24,LKOH,40122,9348056382.0,5999.5,5976.0,6231.0,6121.0,6162.5,1527101,6204.5,8272136522.5,3.38
57,TQBR,2021-03-25,LKOH,28901,7114405438.5,6155.0,6056.0,6195.5,6123.0,6182.0,1161877,6105.5,6558210904.5,0.32
58,TQBR,2021-03-26,LKOH,29185,7467800246.5,6200.0,6194.0,6289.0,6235.5,6283.0,1197568,6230.0,6781790576.5,1.63
59,TQBR,2021-03-29,LKOH,24902,5101901456.0,6233.0,6174.0,6278.0,6233.0,6257.5,818553,6270.5,4831728354.0,-0.41
60,TQBR,2021-03-30,LKOH,29600,5861607722.5,6268.0,6125.5,6316.5,6200.0,6155.0,945193,6172.5,5557862289.0,-1.64
61,TQBR,2021-03-31,LKOH,23576,5107062265.5,6172.5,6097.5,6188.0,6123.5,6111.5,833984,6119.5,4818736764.5,-0.71
62,TQBR,2021-04-01,LKOH,39524,6990252044.5,6152.5,6015.0,6189.0,6110.5,6112.0,1143940,6061.5,6333926062.0,0.01
63,TQBR,2021-04-02,LKOH,11744,1439189890.0,6120.5,6076.5,6137.0,6094.5,6108.5,236119,6102.0,1305915020.5,-0.06
64,TQBR,2021-04-05,LKOH,37332,5131336964.5,6095.0,5951.0,6095.0,5990.5,5990.5,856536,5985.0,4574659474.0,-1.93
65,TQBR,2021-04-06,LKOH,41549,6941509219.5,6008.0,5871.5,6024.0,5923.0,5891.0,1171924,5901.5,6568389893.5,-1.66
66,TQBR,2021-04-07,LKOH,40193,8438899721.0,5893.5,5842.0,6001.0,5924.0,5978.0,1424539,5952.5,8068493129.5,1.48
67,TQBR,2021-04-08,LKOH,22828,4603528981.0,5990.0,5945.0,6068.0,5989.5,6008.5,768587,5986.5,4294853267.5,0.51
68,TQBR,2021-04-09,LKOH,29846,6802448356.0,6001.0,5867.0,6006.0,5924.5,5933.0,1148067,5933.0,6559936799.5,-1.26
69,TQBR,2021-04-12,LKOH,32314,7600635073.5,5900.0,5886.5,6037.0,5977.0,6020.0,1271608,5991.5,7346732878.5,1.47
70,TQBR,2021-04-13,LKOH,24761,4502560801.0,6003.5,5946.5,6055.0,5984.0,6044.5,752392,5983.0,3675229412.5,0.41
71,TQBR,2021-04-14,LKOH,39253,8172682373.5,6080.0,5975.0,6168.5,6084.5,6134.0,1343550,6157.0,7592244459.0,1.48
72,TQBR,2021-04-15,LKOH,29656,7239219056.5,6088.5,6017.0,6118.5,6063.0,6054.5,1194216,6075.5,6939839300.5,-1.3
73,TQBR,2021-04-16,LKOH,22499,4623717159.0,6089.0,6025.0,6104.0,6072.0,6066.0,761537,6062.5,4438323723.5,0.19
74,TQBR,2021-04-19,LKOH,17775,3354798341.0,6059.0,5986.0,6087.0,6037.5,6007.0,555681,6009.0,3074656209.0,-0.97
75,TQBR,2021-04-20,LKOH,43564,8582491300.5,6021.5,5840.0,6061.0,5917.5,5897.0,1450363,5890.0,8086673001.5,-1.83
76,TQBR,2021-04-21,LKOH,24026,5045854900.0,5882.0,5876.5,5966.5,5931.0,5946.0,850747,5934.5,4757697669.0,0.83
77,TQBR,2021-04-22,LKOH,36225,7804994496.5,5945.0,5886.5,6057.0,5976.0,5999.0,1305530,6025.0,7481460498.0,0.89
78,TQBR,2021-04-23,LKOH,19921,5102110216.0,6020.0,5931.0,6027.5,5960.5,5950.0,855974,5950.0,4937710350.5,-0.82
79,TQBR,2021-04-26,LKOH,25783,4975916607.0,5952.0,5892.5,5971.0,5916.0,5919.0,841031,5895.0,4644315548.0,-0.52
80,TQBR,2021-04-27,LKOH,25122,4518307334.0,5917.0,5870.5,5966.5,5918.5,5903.5,763487,5883.5,4167593039.5,-0.26
81,TQBR,2021-04-28,LKOH,27764,5250021125.5,5906.0,5844.0,5945.0,5888.5,5901.0,891582,5889.5,4872476755.0,-0.04
82,TQBR,2021-04-29,LKOH,25698,6050317169.5,5931.0,5875.0,5945.0,5913.5,5926.0,1023222,5929.0,5699698450.0,0.42
83,TQBR,2021-04-30,LKOH,35746,8030011446.0,5917.5,5760.0,5945.0,5827.5,5805.0,1379074,5796.5,7752235121.5,-2.04
84,TQBR,2021-05-04,LKOH,34341,8137735052.5,5824.0,5815.0,5999.0,5922.5,5991.0,1373584,5975.0,7620594239.0,3.2
85,TQBR,2021-05-05,LKOH,36827,8174538873.0,6010.0,5985.5,6156.0,6094.5,6122.0,1341451,6145.0,7713321713.0,2.19
86,TQBR,2021-05-06,LKOH,30976,6227723723.5,6122.0,6061.0,6185.0,6121.5,6087.0,1017307,6081.0,5873037842.0,-0.57
87,TQBR,2021-05-07,LKOH,16693,4426118486.0,6104.0,6042.5,6122.5,6093.5,6088.0,726508,6092.0,4235924283.5,0.02
88,TQBR,2021-05-10,LKOH,24083,6408379097.5,6097.0,6093.0,6203.0,6143.0,6118.0,1043015,6131.0,6188384398.0,0.49
89,TQBR,2021-05-11,LKOH,31126,7496227778.5,6093.5,5948.0,6093.5,6008.0,6021.0,1247646,6003.5,7202254762.5,-1.59
90,TQBR,2021-05-12,LKOH,46095,8685052657.5,6028.0,6003.5,6205.0,6092.5,6119.0,1425406,6178.0,8131907361.5,1.63
91,TQBR,2021-05-13,LKOH,34759,7119467268.0,6100.0,5999.5,6127.0,6061.5,6040.0,1174685,6023.5,6771641220.5,-1.29
92,TQBR,2021-05-14,LKOH,15829,3058628894.0,6052.5,6002.0,6077.0,6044.5,6050.0,506014,6039.5,2744346104.5,0.17
93,TQBR,2021-05-17,LKOH,47897,10209081766.5,6020.0,5868.5,6026.0,5931.5,5976.0,1721230,5920.5,9615430302.0,-1.22
94,TQBR,2021-05-18,LKOH,36665,10841644225.0,6000.0,5962.5,6043.0,6006.5,5994.0,1805082,6016.0,9985882646.5,0.3
95,TQBR,2021-05-19,LKOH,44679,10175044787.5,5969.0,5767.5,5978.0,5867.0,5862.5,1734941,5830.0,9498100531.0,-2.19
96,TQBR,2021-05-20,LKOH,43442,7738014581.5,5855.0,5681.0,5863.5,5727.5,5711.0,1350818,5724.0,7347010495.0,-2.58
97,TQBR,2021-05-21,LKOH,33877,6493009058.0,5719.0,5697.0,5852.0,5782.0,5800.5,1123385,5825.5,6141262371.5,1.57
98,TQBR,2021-05-24,LKOH,19218,3327023398.5,5831.5,5774.0,5859.5,5813.0,5818.0,572345,5800.5,3116646900.0,0.3
99,TQBR,2021-05-25,LKOH,33527,6429984478.5,5835.0,5823.0,5975.5,5918.0,5913.0,1086511,5920.0,6166673257.5,1.63
100,TQBR,2021-05-26,LKOH,34390,7019599038.5,5923.0,5918.0,6019.5,5981.0,6016.5,1173581,6010.0,6798764906.0,1.75
101,TQBR,2021-05-27,LKOH,25207,9639609741.5,6000.0,5915.0,6012.0,5978.5,5992.0,1612395,5993.5,9344909878.5,-0.41
102,TQBR,2021-05-28,LKOH,18478,4384537747.0,6012.0,5936.0,6030.0,5971.0,5955.0,734305,5950.0,4055288513.5,-0.62
103,TQBR,2021-05-31,LKOH,14305,2355473407.5,5957.0,5951.0,6010.5,5992.0,5993.0,393169,5996.0,2264449740.5,0.64
104,TQBR,2021-06-01,LKOH,52287,12843625595.0,6021.0,6017.0,6223.0,6168.5,6210.0,2081713,6191.0,12343213266.5,3.62
105,TQBR,2021-06-02,LKOH,53889,14176708606.0,6222.0,6215.0,6430.0,6330.0,6428.0,2239304,6409.0,13242660591.0,3.51
106,TQBR,2021-06-03,LKOH,48033,12579901685.5,6460.0,6327.0,6499.0,6429.5,6474.5,1956653,6487.0,11864627775.5,0.72
107,TQBR,2021-06-04,LKOH,42371,9900642216.5,6472.0,6442.0,6570.0,6497.0,6511.0,1523774,6500.0,9650184940.0,0.56
108,TQBR,2021-06-07,LKOH,26821,6010644279.0,6489.5,6460.0,6590.0,6547.0,6555.0,919194,6575.0,5762714363.0,0.68
109,TQBR,2021-06-08,LKOH,34898,8921438413.5,6530.0,6400.0,6564.5,6496.5,6504.5,1372864,6483.0,8363895345.5,-0.77
110,TQBR,2021-06-09,LKOH,26330,6176684696.0,6525.0,6487.0,6595.5,6551.0,6587.0,942956,6571.5,5827100497.5,1.27
111,TQBR,2021-06-10,LKOH,31471,7186321028.0,6575.5,6548.0,6660.5,6600.5,6570.0,1088751,6568.0,6730716331.0,-0.26
112,TQBR,2021-06-11,LKOH,19834,3783212148.0,6570.0,6488.0,6607.5,6537.5,6518.5,578710,6507.0,3540451436.0,-0.78
113,TQBR,2021-06-14,LKOH,17017,3782411071.5,6528.0,6447.0,6547.5,6503.5,6515.0,581598,6516.5,3483524036.5,-0.05
114,TQBR,2021-06-15,LKOH,23051,5368331258.0,6530.0,6431.0,6530.0,6484.5,6504.5,827998,6492.0,5161230381.5,-0.16
115,TQBR,2021-06-16,LKOH,29565,7774762631.5,6524.0,6522.5,6637.5,6581.0,6591.5,1181404,6622.0,6772108953.0,1.34
116,TQBR,2021-06-17,LKOH,44263,11195024290.0,6570.0,6560.5,6746.0,6670.0,6669.5,1678653,6665.5,10595796476.0,1.18
118,TQBR,2021-06-18,LKOH,27399,12406307578.0,6640.0,6606.0,6710.0,6651.5,6653.0,1865165,6649.5,12051952727.5,-0.25
119,TQBR,2021-06-21,LKOH,17663,4576814281.5,6645.0,6603.0,6700.0,6660.5,6697.0,687141,6660.5,4397043946.5,0.66
120,TQBR,2021-06-22,LKOH,27725,7185987434.0,6737.5,6663.0,6769.0,6701.5,6715.5,1072490,6692.0,6879493100.0,0.28
121,TQBR,2021-06-23,LKOH,26243,7081400960.0,6733.0,6621.0,6741.5,6667.0,6633.0,1062165,6634.0,6799669035.5,-1.23
122,TQBR,2021-06-24,LKOH,31594,9955635247.5,6632.5,6620.0,6759.0,6710.0,6725.0,1483768,6759.0,9614225119.0,1.39
123,TQBR,2021-06-25,LKOH,25362,5970984244.0,6712.0,6710.5,6813.0,6769.0,6810.0,882066,6800.0,5561895958.0,1.26
124,TQBR,2021-06-28,LKOH,24744,5484070270.5,6810.0,6744.0,6867.0,6814.5,6759.0,805119,6768.5,5241965788.0,-0.75
125,TQBR,2021-06-29,LKOH,33039,8594539991.5,6730.5,6642.5,6749.0,6689.5,6685.0,1285234,6679.0,8473977435.5,-1.09
126,TQBR,2021-06-30,LKOH,29988,7706712340.0,6686.0,6617.0,6804.5,6726.5,6762.5,1145816,6757.0,7353714489.0,1.16
127,TQBR,2021-07-01,LKOH,43286,10325256039.5,6770.0,6762.0,7013.0,6926.0,7010.0,1490962,6996.5,9305583603.0,3.66
128,TQBR,2021-07-02,LKOH,32760,6856638239.5,6827.0,6810.5,6920.0,6859.0,6849.0,999683,6832.0,6725946444.5,-2.3
129,TQBR,2021-07-05,LKOH,16795,2636050823.5,6878.0,6767.0,6878.0,6808.5,6845.0,387183,6819.0,2412519810.5,-0.06
130,TQBR,2021-07-06,LKOH,32895,10609901573.0,6870.0,6824.0,6939.0,6873.5,6829.0,1543291,6857.5,10250375780.5,-0.23
131,TQBR,2021-07-07,LKOH,26128,6370796307.5,6825.0,6732.5,6904.5,6814.0,6782.0,935129,6763.5,6011619717.5,-0.69
132,TQBR,2021-07-08,LKOH,29623,6850765258.5,6740.0,6597.0,6750.0,6654.5,6684.0,1030130,6675.5,6573785697.0,-1.45
133,TQBR,2021-07-09,LKOH,19724,5623091976.5,6668.0,6618.0,6717.0,6658.5,6655.0,844390,6636.0,5474123048.5,-0.43
134,TQBR,2021-07-12,LKOH,15249,3560275432.0,6650.0,6573.0,6650.0,6593.0,6611.0,539896,6583.0,3360180834.0,-0.66
135,TQBR,2021-07-13,LKOH,16771,4298392247.5,6625.0,6580.0,6646.0,6610.0,6637.0,650198,6615.5,3992385819.0,0.39
136,TQBR,2021-07-14,LKOH,31702,7574928633.0,6631.0,6562.0,6750.0,6645.0,6566.0,1139931,6574.0,7189588973.0,-1.07
137,TQBR,2021-07-15,LKOH,35537,6294358808.5,6550.0,6403.0,6552.0,6459.5,6430.5,974161,6441.0,6036856524.5,-2.06
138,TQBR,2021-07-16,LKOH,25340,5008780152.5,6397.0,6327.5,6479.5,6395.5,6362.0,783182,6383.5,4670079345.5,-1.07
139,TQBR,2021-07-19,LKOH,27864,5812814557.0,6303.5,6213.5,6339.0,6264.0,6228.0,927952,6235.5,5528605146.0,-2.11
140,TQBR,2021-07-20,LKOH,28545,6575337615.5,6270.0,6205.0,6330.0,6260.0,6307.5,1050384,6290.0,6274004635.5,1.28
141,TQBR,2021-07-21,LKOH,23999,5796549402.5,6291.0,6265.5,6408.5,6370.0,6393.0,910007,6391.5,5419931031.0,1.36
142,TQBR,2021-07-22,LKOH,25530,5565796301.0,6401.5,6330.5,6467.0,6420.5,6456.0,866931,6445.5,5294899626.0,0.99
143,TQBR,2021-07-23,LKOH,21321,4729910969.5,6467.5,6380.5,6477.5,6417.0,6433.5,737085,6416.0,4575793758.5,-0.35
144,TQBR,2021-07-26,LKOH,18661,4112424195.0,6371.0,6315.0,6408.0,6363.5,6405.0,646238,6347.5,3842070923.5,-0.44
145,TQBR,2021-07-27,LKOH,16949,4108568490.0,6375.0,6292.0,6401.5,6333.5,6332.5,648657,6330.0,3993330582.5,-1.13
146,TQBR,2021-07-28,LKOH,18977,4393758636.5,6346.0,6342.0,6427.0,6389.5,6415.0,687712,6422.0,4057841712.5,1.3
147,TQBR,2021-07-29,LKOH,24749,4332152377.0,6445.0,6382.5,6455.5,6417.5,6416.0,675045,6406.5,4056112472.0,0.02
148,TQBR,2021-07-30,LKOH,29489,7124932305.0,6395.0,6266.5,6402.0,6305.0,6299.0,1129971,6281.0,6867718999.0,-1.82
149,TQBR,2021-08-02,LKOH,24418,5648269391.5,6308.5,6260.0,6380.0,6322.0,6308.0,893449,6335.0,5350969812.5,0.14
150,TQBR,2021-08-03,LKOH,26453,6270516262.0,6302.0,6205.5,6330.0,6273.0,6297.0,999608,6268.0,6031057513.5,-0.17
151,TQBR,2021-08-04,LKOH,24662,4740437794.5,6310.0,6226.0,6333.5,6273.5,6235.0,755593,6254.0,4459653428.5,-0.98
152,TQBR,2021-08-05,LKOH,18630,3622762582.5,6215.0,6211.5,6312.0,6262.5,6312.0,578500,6290.0,3334633961.5,1.23
153,TQBR,2021-08-06,LKOH,20426,4565185896.5,6319.0,6227.0,6328.5,6272.5,6236.0,727805,6231.0,4429748847.5,-1.2
154,TQBR,2021-08-09,LKOH,26540,4930119759.5,6198.0,6110.5,6310.0,6234.0,6290.0,790810,6292.0,4660216512.0,0.87
155,TQBR,2021-08-10,LKOH,28482,6368041472.0,6324.5,6322.0,6427.5,6382.5,6423.5,997680,6421.0,6150136381.0,2.12
156,TQBR,2021-08-11,LKOH,26682,5923891368.5,6438.0,6400.0,6487.5,6449.5,6450.0,918499,6444.0,5596635716.0,0.41
157,TQBR,2021-08-12,LKOH,21172,4038968994.0,6450.0,6431.5,6530.0,6499.5,6504.5,621417,6506.0,3828281670.0,0.84
158,TQBR,2021-08-13,LKOH,18057,3692285948.5,6490.0,6406.0,6512.0,6448.5,6429.5,572572,6416.5,3556042110.0,-1.15
159,TQBR,2021-08-16,LKOH,18750,4015061833.0,6400.0,6369.5,6503.0,6455.0,6495.5,622022,6487.5,3846619114.5,1.03
160,TQBR,2021-08-17,LKOH,30063,7522146313.0,6475.0,6441.5,6615.0,6534.5,6567.5,1150414,6600.0,7130301092.5,1.11
161,TQBR,2021-08-18,LKOH,26180,4958507421.0,6605.0,6444.5,6615.0,6546.5,6445.0,757476,6523.5,4419566064.5,-1.87
162,TQBR,2021-08-19,LKOH,37573,7835449199.5,6401.0,6255.0,6424.5,6331.0,6332.0,1237533,6303.5,7506242149.5,-1.75
163,TQBR,2021-08-20,LKOH,17510,3537589214.0,6315.0,6262.5,6348.0,6301.0,6339.5,561424,6309.0,3385240068.0,0.12
164,TQBR,2021-08-23,LKOH,21178,4836127518.0,6394.0,6371.0,6489.0,6427.5,6475.5,752252,6469.0,4608000099.5,2.15
165,TQBR,2021-08-24,LKOH,18442,4096344877.5,6500.0,6408.0,6521.5,6456.5,6488.0,634445,6473.5,3916251015.0,0.19
166,TQBR,2021-08-25,LKOH,12585,2622773191.0,6462.0,6420.5,6483.0,6443.5,6431.0,407057,6454.0,2344007494.0,-0.88
167,TQBR,2021-08-26,LKOH,18711,3887807422.0,6420.0,6308.0,6430.0,6367.5,6343.5,610562,6349.5,3655105558.5,-1.36
168,TQBR,2021-08-27,LKOH,22463,4917061286.5,6373.0,6325.5,6443.0,6380.5,6429.5,770489,6432.0,4524222483.5,1.36
169,TQBR,2021-08-30,LKOH,18581,3247888743.0,6445.0,6403.5,6471.5,6433.5,6439.0,504822,6438.0,3002554514.5,0.15
170,TQBR,2021-08-31,LKOH,53882,12950625967.0,6438.0,6221.0,6449.0,6295.5,6283.5,2057150,6261.5,12295445713.5,-2.41
171,TQBR,2021-09-01,LKOH,31762,6992235491.0,6300.0,6264.0,6351.0,6316.5,6334.0,1106990,6325.0,6591628407.0,0.8
172,TQBR,2021-09-02,LKOH,40430,7172633028.0,6330.0,6278.5,6408.0,6350.5,6350.5,1129794,6400.5,6740040563.0,0.26
173,TQBR,2021-09-03,LKOH,24165,4137942290.5,6364.0,6301.0,6366.0,6330.5,6330.0,653649,6348.0,3834297825.0,-0.32
174,TQBR,2021-09-06,LKOH,24927,3558926521.5,6327.0,6314.5,6372.0,6337.5,6325.0,561608,6328.5,3332551607.5,-0.08
175,TQBR,2021-09-07,LKOH,21492,4980795952.5,6335.0,6268.5,6338.5,6290.5,6280.0,791767,6281.0,4808485191.5,-0.71
176,TQBR,2021-09-08,LKOH,26348,6817861597.5,6282.0,6246.5,6354.0,6318.0,6341.5,1079330,6349.0,6546954308.0,0.98
177,TQBR,2021-09-09,LKOH,22994,5221015285.0,6330.0,6261.0,6354.5,6305.0,6269.5,828093,6324.0,4894108623.0,-1.14
178,TQBR,2021-09-10,LKOH,18612,4723347596.0,6300.0,6272.0,6339.0,6301.5,6300.0,749569,6300.0,4397007520.5,0.49
179,TQBR,2021-09-13,LKOH,23823,5131608363.0,6321.0,6308.0,6423.5,6360.5,6420.5,806702,6409.5,4692538760.0,1.91
180,TQBR,2021-09-14,LKOH,58707,11961545574.0,6441.0,6428.5,6600.0,6522.5,6570.0,1833739,6600.0,11429079377.0,2.33
181,TQBR,2021-09-15,LKOH,48659,10005003309.0,6600.0,6583.5,6767.0,6706.0,6724.5,1492013,6715.5,9406848420.0,2.35
182,TQBR,2021-09-16,LKOH,51416,11816394198.0,6693.0,6565.0,6800.0,6700.5,6664.0,1763382,6674.0,10877817920.5,-0.9
184,TQBR,2021-09-17,LKOH,24872,8801507500.0,6670.5,6565.0,6673.0,6602.5,6600.5,1333070,6608.5,8502126525.5,-0.95
185,TQBR,2021-09-20,LKOH,25470,5685553842.5,6540.0,6494.0,6596.5,6538.5,6551.0,869585,6562.5,5213582193.5,-0.75
186,TQBR,2021-09-21,LKOH,24905,6068730012.0,6579.0,6557.0,6660.0,6611.0,6605.0,917997,6585.0,5705012349.5,0.82
187,TQBR,2021-09-22,LKOH,20065,4468548191.5,6652.5,6622.0,6721.5,6677.5,6702.0,669169,6701.0,4052294846.5,1.47
188,TQBR,2021-09-23,LKOH,24383,6548468913.0,6750.0,6707.0,6801.0,6764.5,6801.0,968046,6789.5,6184040519.0,1.48
189,TQBR,2021-09-24,LKOH,22981,5613683042.0,6800.0,6740.5,6859.5,6799.5,6825.0,825317,6825.5,5139836169.0,0.35
190,TQBR,2021-09-27,LKOH,37644,9844056632.5,6900.0,6871.0,7003.0,6959.5,6986.0,1414529,6954.0,9442656102.0,2.36
191,TQBR,2021-09-28,LKOH,45420,10413433801.0,7015.0,6964.0,7141.5,7060.5,6968.0,1474733,7004.0,9889293421.0,-0.26
192,TQBR,2021-09-29,LKOH,27986,7354099211.5,6929.0,6900.5,7030.0,6967.5,6992.0,1055481,6984.5,6935600514.5,0.34
193,TQBR,2021-09-30,LKOH,34230,9905758039.5,7010.0,6850.5,7039.0,6935.5,6903.5,1428208,6932.0,9459140335.0,-1.27
194,TQBR,2021-10-01,LKOH,19410,4830924576.0,6866.0,6835.0,6990.0,6917.5,6987.5,698375,6925.0,4557053899.0,1.22
195,TQBR,2021-10-04,LKOH,39088,11091765496.0,7000.0,6940.5,7160.5,7059.0,7134.5,1571166,7113.0,10560856513.0,2.1
196,TQBR,2021-10-05,LKOH,44685,12169304491.5,7160.0,7123.0,7417.0,7291.5,7346.5,1668884,7342.0,11564281348.0,2.97
197,TQBR,2021-10-06,LKOH,48908,11129257607.5,7410.0,7030.0,7417.0,7171.0,7096.0,1551968,7049.0,10215283167.0,-3.41
198,TQBR,2021-10-07,LKOH,32865,9120171325.5,7132.0,6984.5,7189.5,7107.0,7165.0,1283224,7129.5,8463790648.0,0.97
199,TQBR,2021-10-08,LKOH,24051,6675987128.0,7205.0,7170.5,7279.0,7232.0,7220.0,923158,7232.5,6282418614.5,0.77
200,TQBR,2021-10-11,LKOH,21420,5405364358.5,7299.5,7253.0,7320.0,7285.0,7264.0,741966,7265.5,5183996884.0,0.61
201,TQBR,2021-10-12,LKOH,23289,5969695335.5,7210.0,7192.0,7332.0,7291.5,7306.0,818744,7331.0,5617776910.0,0.58
202,TQBR,2021-10-13,LKOH,44068,9063182422.0,7333.0,7070.5,7333.5,7204.0,7252.0,1258068,7243.5,8737645100.0,-0.74
203,TQBR,2021-10-14,LKOH,27795,5844816870.0,7285.5,7172.0,7319.0,7255.5,7215.0,805588,7186.5,5309625567.0,-0.51
204,TQBR,2021-10-15,LKOH,24395,6916139126.5,7252.0,7195.0,7318.0,7267.0,7306.5,951697,7310.5,6515238061.0,1.27
205,TQBR,2021-10-18,LKOH,25238,5218888689.5,7320.0,7271.5,7364.0,7325.5,7319.0,712413,7343.0,4669625946.0,0.17
206,TQBR,2021-10-19,LKOH,25633,5570368023.0,7336.0,7240.5,7373.0,7316.5,7373.0,761337,7355.0,5077208988.0,0.74
207,TQBR,2021-10-20,LKOH,28368,6317866883.0,7363.0,7320.0,7460.0,7380.5,7439.0,855926,7423.0,5718286962.5,0.9
208,TQBR,2021-10-21,LKOH,32097,6798228799.0,7400.0,7202.5,7429.0,7309.0,7232.0,930442,7228.5,6292407254.0,-2.78
209,TQBR,2021-10-22,LKOH,26902,5930559904.0,7213.0,7172.0,7314.5,7247.5,7200.0,818275,7206.0,5068620358.0,-0.44
210,TQBR,2021-10-25,LKOH,37541,9990883605.5,7239.0,7215.0,7483.0,7377.0,7441.5,1354312,7471.5,9497494036.0,3.35
211,TQBR,2021-10-26,LKOH,33849,8479516163.5,7449.0,7381.0,7525.0,7469.5,7440.5,1135365,7440.5,8025865279.5,-0.01
212,TQBR,2021-10-27,LKOH,25613,5510642342.5,7405.0,7322.0,7486.5,7383.5,7323.5,747021,7340.0,5072828415.0,-1.57
213,TQBR,2021-10-28,LKOH,39050,10038135510.5,7286.0,7190.0,7320.0,7251.0,7288.5,1384419,7233.5,9506024019.0,-0.48
214,TQBR,2021-10-29,LKOH,36782,9457263055.5,7260.0,7118.0,7315.0,7207.5,7272.5,1312102,7239.5,9056294634.0,-0.22
215,TQBR,2021-11-01,LKOH,20350,4338594027.5,7265.0,7242.0,7327.5,7289.0,7293.0,595251,7289.5,3743435284.0,0.28
216,TQBR,2021-11-02,LKOH,31508,6890117564.5,7304.0,7193.5,7394.0,7275.0,7214.0,947121,7246.5,6610261383.5,-1.08
217,TQBR,2021-11-03,LKOH,22081,4263036221.0,7190.0,7125.0,7202.5,7159.0,7175.0,595460,7158.0,3747331163.0,-0.54
218,TQBR,2021-11-05,LKOH,23398,4247779392.5,7132.0,7082.0,7205.0,7153.5,7199.0,593784,7182.0,3823927283.5,0.33
219,TQBR,2021-11-08,LKOH,18643,3699498485.5,7240.0,7202.0,7275.0,7235.5,7208.5,511334,7244.0,3364840311.0,0.13
220,TQBR,2021-11-09,LKOH,25972,5700286685.5,7200.0,7117.5,7255.0,7192.5,7188.0,792617,7152.0,5361267587.5,-0.28
221,TQBR,2021-11-10,LKOH,23374,4730782051.0,7209.0,7120.0,7266.0,7209.5,7137.5,656157,7218.5,3927722090.0,-0.7
222,TQBR,2021-11-11,LKOH,43105,7698887279.0,7158.0,6969.0,7171.0,7055.5,7094.5,1091134,7089.0,6940456091.0,-0.6
223,TQBR,2021-11-12,LKOH,62295,13387901342.5,7061.5,6835.0,7067.0,6906.0,6878.0,1938669,6910.5,12301829613.5,-3.05
224,TQBR,2021-11-15,LKOH,30441,6299250183.0,6852.0,6815.0,6979.5,6922.0,6918.5,910006,6943.5,5972749172.5,0.59
225,TQBR,2021-11-16,LKOH,29875,5899651163.0,6956.0,6905.0,7006.0,6961.0,6946.5,847550,6975.0,5376836920.0,0.4
226,TQBR,2021-11-17,LKOH,40415,7900257055.0,6945.0,6840.0,6950.0,6894.5,6884.5,1145790,6946.5,7220889187.0,-0.89
227,TQBR,2021-11-18,LKOH,29270,5572514984.0,6832.0,6783.5,6887.0,6838.5,6840.0,815008,6808.0,4860823197.5,-0.65
228,TQBR,2021-11-19,LKOH,41277,9242827134.0,6897.0,6660.0,6902.5,6730.0,6709.0,1373425,6664.5,8604233939.5,-1.92
229,TQBR,2021-11-22,LKOH,58649,11602659207.5,6690.0,6532.0,6756.5,6617.0,6575.5,1753618,6610.0,10647771737.5,-1.99
230,TQBR,2021-11-23,LKOH,55667,10600226719.5,6551.0,6490.0,6837.0,6667.5,6829.5,1589865,6751.0,9696037105.5,3.86
231,TQBR,2021-11-24,LKOH,45063,9327774977.5,6850.5,6686.5,6891.0,6791.5,6814.5,1373375,6838.5,8901013071.5,-0.22
232,TQBR,2021-11-25,LKOH,39019,7267457201.0,6814.5,6655.0,6890.5,6741.5,6661.5,1077941,6678.5,6715945297.0,-2.25
233,TQBR,2021-11-26,LKOH,74860,14039254853.5,6462.0,6335.5,6516.5,6446.0,6374.0,2178016,6385.0,12901768544.0,-4.32
234,TQBR,2021-11-29,LKOH,53892,11963519682.5,6510.0,6480.0,6713.0,6606.0,6616.0,1810788,6636.5,11083537469.5,3.8
235,TQBR,2021-11-30,LKOH,60762,17924129598.0,6502.0,6418.5,6688.5,6567.5,6513.0,2729250,6591.0,16287407176.5,-1.56
236,TQBR,2021-12-01,LKOH,55906,11602367568.5,6600.0,6543.0,6740.5,6661.5,6576.5,1741752,6645.0,10420787572.0,0.97
237,TQBR,2021-12-02,LKOH,43788,9762557650.5,6611.0,6558.0,6768.0,6673.5,6732.0,1462843,6721.5,8918731740.0,2.36
238,TQBR,2021-12-03,LKOH,33158,5639545686.5,6751.0,6571.5,6770.0,6686.5,6639.5,843400,6668.0,4678954593.5,-1.37
239,TQBR,2021-12-06,LKOH,40116,7770943097.5,6690.0,6500.0,6740.0,6615.0,6650.0,1174784,6615.5,6897420373.0,0.16
240,TQBR,2021-12-07,LKOH,51876,14548277665.5,6664.0,6645.0,6766.5,6718.5,6720.5,2165697,6727.5,12795500610.0,1.06
241,TQBR,2021-12-08,LKOH,59435,13756999967.5,6721.0,6510.0,6784.5,6626.5,6574.5,2076631,6518.0,12801135103.0,-2.17
242,TQBR,2021-12-09,LKOH,36605,8080842859.0,6594.0,6501.5,6636.0,6588.0,6619.0,1226562,6613.5,7503732277.5,0.68
243,TQBR,2021-12-10,LKOH,26715,4471002533.5,6624.5,6568.5,6673.0,6620.5,6619.5,675348,6597.0,4031613612.0,0.01
244,TQBR,2021-12-13,LKOH,61060,10006699925.5,6630.0,6352.0,6700.0,6497.5,6376.0,1539832,6390.0,8542039891.0,-3.68
245,TQBR,2021-12-14,LKOH,67976,13545531534.0,6399.5,5912.5,6628.0,6493.5,6592.0,2086361,6594.5,11226914646.0,3.39
246,TQBR,2021-12-15,LKOH,37723,7334725998.0,6591.0,6447.0,6625.0,6535.5,6595.0,1122112,6499.0,5944265724.0,0.05
247,TQBR,2021-12-16,LKOH,61277,11756261135.0,6604.5,6595.0,6779.0,6707.5,6729.0,1752948,6779.0,10267689607.5,2.03
249,TQBR,2021-12-17,LKOH,50942,13416265031.5,6737.5,6603.5,6765.0,6661.5,6670.0,2014454,6628.0,11856240270.5,-0.88
250,TQBR,2021-12-20,LKOH,69170,10877576841.5,6344.0,6237.0,6368.0,6304.0,6328.5,1725550,6316.5,9360890794.0,-5.12
251,TQBR,2021-12-21,LKOH,39014,7086546790.5,6350.0,6285.0,6428.0,6329.0,6348.5,1119668,6316.0,6166738208.5,0.32
252,TQBR,2021-12-22,LKOH,28265,5332761232.0,6368.5,6319.5,6393.5,6356.5,6349.5,838937,6365.0,4506093618.5,0.02
253,TQBR,2021-12-23,LKOH,27025,4208237309.0,6359.0,6285.0,6380.0,6324.0,6304.5,665462,6307.0,3622446304.5,-0.71
254,TQBR,2021-12-24,LKOH,20885,2424502670.0,6300.0,6220.5,6328.0,6284.0,6313.5,385833,6328.0,2175300460.0,0.14
255,TQBR,2021-12-27,LKOH,21065,3276279729.0,6321.5,6315.0,6398.5,6354.0,6397.5,515599,6361.0,2648092770.0,1.33
256,TQBR,2021-12-28,LKOH,39357,6450217371.0,6395.0,6377.0,6559.5,6484.5,6478.0,994800,6477.5,5777002515.0,1.26
257,TQBR,2021-12-29,LKOH,30694,5455007323.5,6488.0,6421.0,6525.0,6475.5,6516.0,842308,6487.5,4750660629.0,0.59
258,TQBR,2021-12-30,LKOH,24753,5033022870.0,6516.5,6480.0,6597.0,6550.5,6573.0,768283,6570.0,4584339735.5,0.87
259,TQBR,2022-01-03,LKOH,28301,4068314285.5,6592.0,6586.0,6705.5,6659.5,6683.0,610921,6649.0,3302554558.0,1.67
260,TQBR,2022-01-04,LKOH,24243,3690693844.5,6688.0,6627.0,6741.0,6695.5,6728.0,551239,6731.0,3053130785.5,0.67
261,TQBR,2022-01-05,LKOH,37341,6479964870.5,6715.5,6501.0,6755.0,6660.5,6522.0,972892,6674.0,4144608244.5,-3.06
262,TQBR,2022-01-06,LKOH,31667,5991768597.5,6530.0,6459.0,6706.0,6610.5,6699.0,906403,6661.5,5050882561.0,2.71
263,TQBR,2022-01-07,LKOH,0,0.0,,,,,,0,6693.5,5050882561.0,
264,TQBR,2022-01-10,LKOH,44912,8383118384.5,6730.0,6650.5,6880.0,6768.5,6775.0,1238121,6710.0,7261473100.5,1.13
265,TQBR,2022-01-11,LKOH,31855,6290801628.5,6799.0,6732.5,6850.0,6791.5,6816.0,926296,6770.0,5310540686.5,0.61
266,TQBR,2022-01-12,LKOH,48565,8767774553.5,6814.5,6770.0,6969.0,6913.5,6960.0,1268243,6934.0,7798512938.0,2.11
267,TQBR,2022-01-13,LKOH,57330,11958036613.0,6927.0,6610.0,6951.5,6764.5,6665.0,1767811,6636.0,10386039366.0,-4.24
268,TQBR,2022-01-14,LKOH,67376,13721169516.0,6699.0,6469.0,6791.0,6603.0,6659.0,2077166,6630.0,12084938630.0,-0.09
269,TQBR,2022-01-17,LKOH,49827,10384206287.0,6668.0,6445.0,6734.0,6572.5,6516.0,1581542,6512.5,9093299866.5,-2.15
270,TQBR,2022-01-18,LKOH,99099,23206910512.0,6548.0,6132.0,6587.0,6312.5,6250.0,3676435,6151.5,20875263993.5,-4.08
271,TQBR,2022-01-19,LKOH,94171,20885991769.5,6250.0,6020.0,6670.0,6453.5,6494.0,3237227,6496.0,17847193320.5,3.9
272,TQBR,2022-01-20,LKOH,61549,14532458432.5,6549.0,6324.0,6683.0,6496.0,6430.0,2237789,6510.0,12507595817.0,-0.99
273,TQBR,2022-01-21,LKOH,53900,12473188618.0,6400.0,6310.0,6514.0,6428.0,6420.0,1940586,6471.0,11084594287.5,-0.16
274,TQBR,2022-01-24,LKOH,94008,18335321555.0,6445.0,6078.0,6479.0,6245.5,6293.0,2935738,6210.0,16281406017.5,-1.98
275,TQBR,2022-01-25,LKOH,71937,13196587335.5,6270.0,6177.5,6562.5,6337.0,6543.0,2082348,6352.0,10382887500.0,3.97
276,TQBR,2022-01-26,LKOH,67532,14643131608.5,6542.0,6405.0,6690.0,6581.0,6525.5,2225385,6575.0,11998145154.5,-0.27
277,TQBR,2022-01-27,LKOH,78161,14274953045.0,6498.0,6432.0,6900.0,6741.0,6811.5,2117689,6809.0,12271552438.0,4.38
278,TQBR,2022-01-28,LKOH,56056,10838937321.0,6784.0,6755.0,6945.0,6839.0,6775.0,1584821,6809.0,9318229450.0,-0.54
279,TQBR,2022-01-31,LKOH,45774,8854018619.5,6810.0,6780.0,6910.0,6830.5,6878.0,1296194,6829.5,7532214658.5,1.52
280,TQBR,2022-02-01,LKOH,45890,8531973805.0,6884.0,6826.0,7013.5,6940.5,6976.0,1229137,6949.5,7309146513.5,1.42
281,TQBR,2022-02-02,LKOH,42064,6877484289.5,6975.0,6936.0,7050.0,6996.5,7040.0,983000,7016.0,5721981677.5,0.92
282,TQBR,2022-02-03,LKOH,49263,9114897322.0,7026.5,6794.5,7030.0,6896.0,6865.5,1321908,6835.0,7671106321.5,-2.48
283,TQBR,2022-02-04,LKOH,60246,12297107522.0,6897.0,6892.0,7110.0,7010.5,7010.0,1754048,6951.5,10844269753.5,2.1
284,TQBR,2022-02-07,LKOH,34342,6795479194.5,7047.0,6825.5,7060.0,6954.5,6988.0,977367,6967.5,6040962718.5,-0.31
285,TQBR,2022-02-08,LKOH,33148,6514277909.5,6985.0,6938.0,7044.0,6995.0,6957.5,931306,7010.0,5107765935.5,-0.44
286,TQBR,2022-02-09,LKOH,43454,10771957611.0,6966.5,6900.0,7009.0,6962.0,6973.5,1547296,7009.0,9347325563.0,0.23
287,TQBR,2022-02-10,LKOH,41175,9637185960.5,6970.0,6894.0,7084.0,6986.5,6984.5,1378641,7050.0,8276541472.5,0.16
288,TQBR,2022-02-11,LKOH,66952,12886377636.5,6960.0,6624.5,7000.0,6822.5,6707.5,1888816,6861.0,9243025629.5,-3.97
289,TQBR,2022-02-14,LKOH,65148,13163255380.0,6684.0,6524.5,6885.0,6750.0,6796.0,1950018,6800.5,10141902059.0,1.32
290,TQBR,2022-02-15,LKOH,54328,12422532448.0,6840.0,6783.0,7077.5,6983.0,6979.0,1778946,6982.0,11256204967.5,2.69
291,TQBR,2022-02-16,LKOH,42778,8227240915.5,7028.0,6902.5,7068.0,6972.0,6970.0,1180028,6994.0,6739477966.5,-0.13
292,TQBR,2022-02-17,LKOH,61418,11769951469.5,6956.5,6650.0,6968.0,6764.0,6733.0,1740140,6691.0,9673545779.5,-3.4
293,TQBR,2022-02-18,LKOH,67318,11216107500.0,6739.0,6415.0,6832.0,6599.5,6456.5,1700147,6549.0,9085311573.0,-4.11
294,TQBR,2022-02-21,LKOH,190430,27804252194.0,6480.0,5609.5,6649.0,6126.5,5810.0,4538212,6010.0,22070821791.5,-10.01
295,TQBR,2022-02-22,LKOH,217983,33796896837.5,5805.0,5479.0,6050.0,5726.0,6020.0,5901625,5970.0,27502425858.5,3.61
296,TQBR,2022-02-23,LKOH,0,0.0,,,,,,0,6011.5,27502425858.5,
297,TQBR,2022-02-24,LKOH,209870,19442324890.0,5410.5,3019.5,5410.5,4121.0,4650.0,4692673,4000.0,15340183179.5,-22.76
298,TQBR,2022-02-25,LKOH,101828,10098149463.0,4400.0,4400.0,5360.0,5000.5,4915.0,2013374,5153.5,9234197141.0,5.7
299,TQBR,2022-02-28,LKOH,0,0.0,,,,,,0,4921.0,9234197141.0,
300,TQBR,2022-03-01,LKOH,0,0.0,,,,,,0,4921.0,9234197141.0,
301,TQBR,2022-03-02,LKOH,0,0.0,,,,,,0,4921.0,24574380320.5,
302,TQBR,2022-03-03,LKOH,0,0.0,,,,,,0,4921.0,9234197141.0,
303,TQBR,2022-03-04,LKOH,0,0.0,,,,,,0,4921.0,74147627971.0,
304,TQBR,2022-03-09,LKOH,0,0.0,,,,,,0,4921.0,52076806179.0,
305,TQBR,2022-03-10,LKOH,0,0.0,,,,,,0,4921.0,24574380320.5,
306,TQBR,2022-03-11,LKOH,0,0.0,,,,,,0,4921.0,24574380320.5,
307,TQBR,2022-03-14,LKOH,0,0.0,,,,,,0,4921.0,9234197141.0,
308,TQBR,2022-03-15,LKOH,0,0.0,,,,,,0,4921.0,0.0,
309,TQBR,2022-03-16,LKOH,0,0.0,,,,,,0,4921.0,0.0,
310,TQBR,2022-03-17,LKOH,0,0.0,,,,,,0,4921.0,0.0,
311,TQBR,2022-03-18,LKOH,0,0.0,,,,,,0,4921.0,0.0,
312,TQBR,2022-03-21,LKOH,0,0.0,,,,,,0,4921.0,0.0,
313,TQBR,2022-03-22,LKOH,0,0.0,,,,,,0,4921.0,0.0,
314,TQBR,2022-03-23,LKOH,0,0.0,,,,,,0,4921.0,0.0,
315,TQBR,2022-03-24,LKOH,78622,6814309072.0,5302.5,5300.0,5993.0,5663.5,5525.0,1203273,5525.0,6814309072.0,12.41
316,TQBR,2022-03-25,LKOH,49809,4627299784.5,5600.0,5022.0,5761.0,5287.5,5206.0,875180,5206.0,4627299784.5,-5.77
317,TQBR,2022-03-28,LKOH,22470,1163852904.5,5200.0,4915.0,5200.0,5085.5,5118.0,228856,5118.0,1163852904.5,-1.69
318,TQBR,2022-03-29,LKOH,43674,3213395124.0,5118.0,4800.0,5350.0,5003.0,4922.0,642270,4922.0,3213395124.0,-3.83
320,TQBR,2022-03-30,LKOH,19965,1453478559.0,5050.0,5000.0,5140.0,5041.0,5140.0,287528,5140.0,1453478559.0,4.43
321,TQBR,2022-03-31,LKOH,39861,2501517955.5,5120.0,5100.0,5680.0,5343.5,5680.0,469075,5680.0,2501517955.5,10.51
322,TQBR,2022-04-01,LKOH,38387,2214141019.0,5660.0,5450.0,5868.0,5742.0,5601.0,385732,5601.0,2214141019.0,-1.39
323,TQBR,2022-04-04,LKOH,27689,1688768272.0,5698.0,5395.0,5750.0,5551.5,5557.0,304176,5557.0,1688768272.0,-0.79
324,TQBR,2022-04-05,LKOH,23296,1332293772.0,5574.0,5220.0,5590.0,5438.0,5314.0,245013,5314.0,1332293772.0,-4.37
325,TQBR,2022-04-06,LKOH,16689,1056922621.0,5314.0,5224.5,5514.0,5410.5,5266.0,195342,5266.0,1056922621.0,-0.9
326,TQBR,2022-04-07,LKOH,18207,1397918669.5,5260.0,5240.0,5356.0,5282.0,5280.0,264677,5280.0,1397918669.5,0.27
327,TQBR,2022-04-08,LKOH,18553,1035411888.5,5299.5,5087.0,5319.5,5185.0,5226.5,199667,5226.5,1035411888.5,-1.01
328,TQBR,2022-04-11,LKOH,15641,765009318.5,5225.0,5184.0,5385.0,5289.5,5190.0,144622,5190.0,765009318.5,-0.7
329,TQBR,2022-04-12,LKOH,17657,1120683236.5,5200.0,5026.0,5250.0,5096.5,5145.0,219888,5145.0,1120683236.5,-0.87
330,TQBR,2022-04-13,LKOH,16211,825571286.5,5179.5,5056.0,5209.0,5129.5,5106.0,160929,5106.0,825571286.5,-0.76
331,TQBR,2022-04-14,LKOH,20735,989963227.5,5115.5,4862.0,5120.0,4971.5,4879.5,199123,4879.5,989963227.5,-4.44
332,TQBR,2022-04-15,LKOH,16515,735527773.5,4879.0,4800.0,4956.0,4860.5,4893.0,151321,4893.0,735527773.5,0.28
333,TQBR,2022-04-18,LKOH,36007,1890870624.5,4913.0,4524.0,4948.0,4601.5,4549.0,407463,4549.0,1890870624.5,-7.03
334,TQBR,2022-04-19,LKOH,51656,3050932168.5,4592.0,4108.0,4592.0,4321.5,4485.0,708763,4485.0,3050932168.5,-1.41
335,TQBR,2022-04-20,LKOH,39738,3179975168.5,4498.5,4215.5,4536.0,4412.0,4310.0,726085,4310.0,3179975168.5,-3.9
336,TQBR,2022-04-21,LKOH,83222,4985711071.5,4331.5,3910.0,4340.0,4081.5,3974.0,1217428,3974.0,4985711071.5,-7.8
337,TQBR,2022-04-22,LKOH,114895,6356485536.0,3974.0,3682.0,4044.0,3875.5,3828.0,1648909,3828.0,6356485536.0,-3.67
338,TQBR,2022-04-25,LKOH,44858,2175604500.0,3828.0,3710.5,3994.0,3875.5,3931.0,560388,3931.0,2175604500.0,2.69
339,TQBR,2022-04-26,LKOH,79327,5762371808.0,3970.5,3960.5,4587.5,4257.5,4292.0,1354489,4292.0,5762371808.0,9.18
340,TQBR,2022-04-27,LKOH,51852,3480994204.5,4325.0,4276.0,4559.0,4440.5,4550.0,783960,4550.0,3480994204.5,6.01
341,TQBR,2022-04-28,LKOH,57665,4185700996.0,4551.0,4318.0,4740.0,4524.5,4381.0,923456,4381.0,4185700996.0,-3.71
342,TQBR,2022-04-29,LKOH,48785,3959317350.5,4410.0,4380.0,4717.0,4569.0,4699.5,865620,4699.5,3959317350.5,7.27
343,TQBR,2022-05-04,LKOH,31317,2052932625.5,4747.0,4526.0,4772.5,4622.5,4552.0,443415,4552.0,2052932625.5,-3.14
344,TQBR,2022-05-05,LKOH,18549,1071142744.5,4602.0,4600.5,4689.5,4650.0,4675.0,230329,4675.0,1071142744.5,2.7
345,TQBR,2022-05-06,LKOH,16493,1743649657.5,4689.0,4568.0,4690.0,4637.0,4635.5,376027,4635.5,1743649657.5,-0.84
346,TQBR,2022-05-11,LKOH,22029,1115880659.5,4640.0,4539.0,4699.0,4607.0,4600.0,242217,4600.0,1115880659.5,-0.77
347,TQBR,2022-05-12,LKOH,35851,2342346597.5,4550.0,4325.5,4581.0,4459.0,4362.5,525898,4362.5,2342346597.5,-5.16
348,TQBR,2022-05-13,LKOH,22518,1189852862.5,4400.0,4300.0,4439.0,4373.0,4380.0,272066,4380.0,1189852862.5,0.4
349,TQBR,2022-05-16,LKOH,59828,5201272284.5,4380.0,4380.0,4669.5,4573.0,4523.5,1136184,4523.5,5201272284.5,3.28
350,TQBR,2022-05-17,LKOH,34012,1752876711.0,4543.0,4400.0,4589.0,4511.0,4500.0,388536,4500.0,1752876711.0,-0.52
351,TQBR,2022-05-18,LKOH,18642,1240052723.0,4520.0,4480.0,4565.0,4528.5,4483.5,273956,4483.5,1240052723.0,-0.37
352,TQBR,2022-05-19,LKOH,18061,1015947034.5,4483.5,4381.5,4509.5,4420.5,4415.5,229822,4415.5,1015947034.5,-1.52
353,TQBR,2022-05-20,LKOH,26606,1319044250.0,4419.0,4258.0,4449.0,4321.5,4279.0,304795,4279.0,1319044250.0,-3.09
354,TQBR,2022-05-23,LKOH,30348,1382147486.5,4305.0,4031.0,4350.0,4149.0,4050.0,332955,4050.0,1382147486.5,-5.35
355,TQBR,2022-05-24,LKOH,46505,1993906554.5,4050.0,3882.0,4062.5,3969.0,3942.0,501949,3942.0,1993906554.5,-2.67
356,TQBR,2022-05-25,LKOH,30051,1380038222.0,3999.0,3975.0,4148.0,4067.0,4148.0,339337,4148.0,1380038222.0,5.23
357,TQBR,2022-05-26,LKOH,37477,2061383969.5,4160.0,4085.0,4298.5,4222.5,4263.0,488502,4263.0,2061383969.5,2.77
358,TQBR,2022-05-27,LKOH,34907,2047238025.0,4285.0,4255.0,4359.5,4310.0,4290.0,475101,4290.0,2047238025.0,0.63
359,TQBR,2022-05-30,LKOH,31992,1751508661.0,4351.0,4100.0,4380.0,4212.0,4220.0,415915,4220.0,1751508661.0,-1.63
360,TQBR,2022-05-31,LKOH,26853,1248218857.5,4180.0,4043.0,4199.0,4092.0,4061.5,305244,4061.5,1248218857.5,-3.76
361,TQBR,2022-06-01,LKOH,25181,1521563560.5,4050.0,4003.0,4125.0,4080.0,4074.0,373116,4074.0,1521563560.5,0.31
362,TQBR,2022-06-02,LKOH,24646,1266559211.5,4078.0,3993.0,4085.5,4030.5,4035.0,314254,4035.0,1266559211.5,-0.96
363,TQBR,2022-06-03,LKOH,29425,1351007569.0,4040.0,3930.0,4070.0,3978.0,3980.5,339606,3980.5,1351007569.0,-1.35
364,TQBR,2022-06-06,LKOH,25419,1156440686.5,3985.0,3927.0,4028.0,3970.5,3940.0,291266,3940.0,1156440686.5,-1.02
365,TQBR,2022-06-07,LKOH,35553,1782515545.0,3940.0,3816.0,3970.0,3894.5,3959.5,457704,3959.5,1782515545.0,0.49
366,TQBR,2022-06-08,LKOH,30857,1742921451.5,3968.0,3864.0,4050.0,3987.0,3945.5,437125,3945.5,1742921451.5,-0.35
367,TQBR,2022-06-09,LKOH,24324,1125731944.0,3954.0,3865.0,3956.5,3891.0,3876.0,289287,3876.0,1125731944.0,-1.76
368,TQBR,2022-06-10,LKOH,24725,1401695093.5,3865.0,3830.0,3903.0,3867.5,3898.0,362443,3898.0,1401695093.5,0.57
369,TQBR,2022-06-14,LKOH,24024,1162724098.5,3881.0,3846.0,3927.5,3883.5,3891.5,299314,3891.5,1162724098.5,-0.17
370,TQBR,2022-06-15,LKOH,41381,2909752432.5,3880.0,3880.0,4125.0,4011.5,4115.0,725308,4115.0,2909752432.5,5.74
371,TQBR,2022-06-16,LKOH,66674,4596571110.0,4116.5,4105.0,4300.0,4219.5,4261.5,1089748,4261.5,4596571110.0,3.56
373,TQBR,2022-06-17,LKOH,34454,2113654624.5,4289.5,4137.0,4326.0,4238.0,4182.0,499050,4182.0,2113654624.5,-1.87
374,TQBR,2022-06-20,LKOH,37360,1937251058.0,4202.0,4128.0,4245.0,4202.0,4209.5,461006,4209.5,1937251058.0,0.66
375,TQBR,2022-06-21,LKOH,39295,2449192293.5,4239.0,4031.5,4279.5,4148.5,4045.0,590551,4045.0,2449192293.5,-3.91
376,TQBR,2022-06-22,LKOH,46953,3033661367.5,3990.0,3932.5,4179.5,4072.5,4139.0,745924,4139.0,3033661367.5,2.32
377,TQBR,2022-06-23,LKOH,27248,2734069906.0,4140.5,4076.5,4207.0,4160.5,4150.0,657194,4150.0,2734069906.0,0.27
378,TQBR,2022-06-24,LKOH,21965,1287037782.5,4149.0,4044.5,4160.0,4110.5,4100.0,314432,4100.0,1287037782.5,-1.2
379,TQBR,2022-06-27,LKOH,15866,916201820.5,4100.0,4056.0,4120.0,4098.5,4100.0,223537,4100.0,916201820.5,0.0
380,TQBR,2022-06-28,LKOH,27036,1591190201.0,4109.5,3983.0,4109.5,4036.5,3989.5,394209,3989.5,1591190201.0,-2.7
381,TQBR,2022-06-29,LKOH,34927,1769675697.0,3980.0,3920.5,4078.0,3998.5,4015.0,442797,4015.0,1769675697.0,0.64
382,TQBR,2022-06-30,LKOH,55042,2977542713.5,4000.0,3865.0,4056.5,3960.5,3905.0,751500,3905.0,2977542713.5,-2.74
383,TQBR,2022-07-01,LKOH,33418,1995358044.0,3915.0,3876.0,4002.5,3955.5,3944.0,504465,3944.0,1995358044.0,1.0
384,TQBR,2022-07-04,LKOH,34424,1688102730.5,3946.0,3944.0,4095.0,4009.0,3949.5,421077,3949.5,1688102730.5,0.14
385,TQBR,2022-07-05,LKOH,30289,1760896813.5,3950.5,3905.0,4048.0,3976.0,4015.0,442662,4015.0,1760896813.5,1.66
386,TQBR,2022-07-06,LKOH,37892,2443548291.0,4000.0,3945.0,4150.0,4048.0,3962.0,603617,3962.0,2443548291.0,-1.32
387,TQBR,2022-07-07,LKOH,23496,1347187280.5,3963.0,3940.0,4010.0,3966.5,3956.0,339571,3956.0,1347187280.5,-0.15
388,TQBR,2022-07-08,LKOH,25199,1411795022.5,3959.5,3902.5,3980.0,3925.5,3911.0,359490,3911.0,1411795022.5,-1.14
389,TQBR,2022-07-11,LKOH,41502,2077150988.0,3900.0,3802.5,3920.0,3849.0,3848.5,539588,3848.5,2077150988.0,-1.6
390,TQBR,2022-07-12,LKOH,39922,1892844468.0,3830.0,3713.0,3846.0,3767.0,3752.0,502248,3752.0,1892844468.0,-2.51
391,TQBR,2022-07-13,LKOH,45756,2146799406.0,3757.0,3619.0,3767.0,3666.5,3645.5,585484,3645.5,2146799406.0,-2.84
392,TQBR,2022-07-14,LKOH,48380,2216859675.0,3645.5,3551.0,3710.0,3633.5,3608.0,610142,3608.0,2216859675.0,-1.03
393,TQBR,2022-07-15,LKOH,26308,1683420511.0,3643.5,3580.0,3710.0,3646.5,3709.0,461637,3709.0,1683420511.0,2.8
394,TQBR,2022-07-18,LKOH,31659,1416161571.0,3721.0,3613.0,3777.0,3667.5,3645.0,386000,3645.0,1416161571.0,-1.73
395,TQBR,2022-07-19,LKOH,26152,1103271430.5,3645.0,3567.0,3654.5,3596.0,3600.0,306816,3600.0,1103271430.5,-1.23
396,TQBR,2022-07-20,LKOH,24084,1266720328.5,3601.0,3556.5,3664.0,3613.0,3580.0,350246,3580.0,1266720328.5,-0.56
397,TQBR,2022-07-21,LKOH,30383,1712797049.0,3577.0,3482.5,3577.5,3524.5,3539.5,485936,3539.5,1712797049.0,-1.13
398,TQBR,2022-07-22,LKOH,32051,2085092149.5,3552.0,3551.0,3688.0,3625.0,3688.0,575224,3688.0,2085092149.5,4.2
399,TQBR,2022-07-25,LKOH,21990,1359117735.0,3672.0,3637.0,3709.5,3676.0,3669.0,369717,3669.0,1359117735.0,-0.52
400,TQBR,2022-07-26,LKOH,31762,2036729705.0,3694.0,3675.5,3825.0,3743.0,3825.0,544414,3825.0,2036729705.0,4.25
401,TQBR,2022-07-27,LKOH,26255,1879332980.0,3850.0,3810.0,3878.0,3846.0,3847.5,488725,3847.5,1879332980.0,0.59
402,TQBR,2022-07-28,LKOH,24377,1614444718.5,3870.0,3770.0,3885.0,3817.0,3831.0,423004,3831.0,1614444718.5,-0.43
403,TQBR,2022-07-29,LKOH,18505,1062685598.0,3830.0,3809.5,3880.0,3851.0,3877.0,275990,3877.0,1062685598.0,1.2
404,TQBR,2022-08-01,LKOH,60907,3999700998.5,3883.0,3825.5,4030.0,3960.0,3931.0,1010266,3931.0,3999700998.5,1.39
405,TQBR,2022-08-02,LKOH,38485,2262855436.0,3930.5,3795.0,3965.5,3863.5,3823.0,585713,3823.0,2262855436.0,-2.75
406,TQBR,2022-08-03,LKOH,18990,1520968106.5,3823.0,3784.0,3855.0,3817.0,3799.0,398600,3799.0,1520968106.5,-0.63
407,TQBR,2022-08-04,LKOH,23456,1403285748.5,3800.0,3712.0,3816.0,3746.5,3720.0,374530,3720.0,1403285748.5,-2.08
408,TQBR,2022-08-05,LKOH,27887,1400989419.5,3720.0,3659.5,3746.0,3692.5,3679.5,379687,3679.5,1400989419.5,-1.09
409,TQBR,2022-08-08,LKOH,28831,1340422164.0,3779.0,3720.0,3819.0,3762.5,3720.0,356659,3720.0,1340422164.0,1.1
410,TQBR,2022-08-09,LKOH,29263,1735818378.5,3720.0,3701.5,3895.0,3800.5,3895.0,456809,3895.0,1735818378.5,4.7
411,TQBR,2022-08-10,LKOH,30575,1750500361.0,3895.0,3825.0,3910.0,3866.0,3890.0,452727,3890.0,1750500361.0,-0.13
412,TQBR,2022-08-11,LKOH,27207,1964647024.0,3899.0,3875.0,3963.0,3921.5,3925.0,500967,3925.0,1964647024.0,0.9
413,TQBR,2022-08-12,LKOH,23353,1576116769.0,3935.0,3901.0,3979.0,3946.0,3940.5,399401,3940.5,1576116769.0,0.39
414,TQBR,2022-08-15,LKOH,21914,1361112624.5,3945.0,3904.5,4005.0,3946.5,3959.0,344898,3959.0,1361112624.5,0.47
415,TQBR,2022-08-16,LKOH,23202,1721794588.0,3977.0,3936.0,4025.0,3988.0,4018.0,431901,4018.0,1721794588.0,1.49
416,TQBR,2022-08-17,LKOH,27213,2008182292.5,4020.0,3907.0,4044.0,3980.0,3907.0,504381,3907.0,2008182292.5,-2.76
417,TQBR,2022-08-18,LKOH,19260,1258250956.5,3906.5,3878.0,3942.0,3912.0,3920.0,321619,3920.0,1258250956.5,0.33
418,TQBR,2022-08-19,LKOH,22033,1494482969.0,3945.0,3894.0,3974.0,3932.0,3972.0,380080,3972.0,1494482969.0,1.33
419,TQBR,2022-08-22,LKOH,29371,1583321896.0,3968.0,3944.5,4028.5,3995.5,4017.0,396278,4017.0,1583321896.0,1.13
420,TQBR,2022-08-23,LKOH,27418,1628372007.0,4022.0,4016.0,4099.0,4066.0,4098.0,400484,4098.0,1628372007.0,2.02
421,TQBR,2022-08-24,LKOH,25236,1254522965.5,4103.0,4066.0,4128.0,4096.5,4117.0,306254,4117.0,1254522965.5,0.46
422,TQBR,2022-08-25,LKOH,26333,1650044353.0,4125.0,4047.0,4143.5,4100.0,4055.0,402471,4055.0,1650044353.0,-1.51
423,TQBR,2022-08-26,LKOH,16238,1144554982.5,4056.0,4046.5,4115.0,4082.0,4115.0,280373,4115.0,1144554982.5,1.48
424,TQBR,2022-08-29,LKOH,28520,1883922706.0,4114.0,4088.5,4207.0,4168.0,4186.0,451999,4186.0,1883922706.0,1.73
425,TQBR,2022-08-30,LKOH,33373,2053542426.0,4198.0,4120.0,4220.0,4167.0,4140.0,492812,4140.0,2053542426.0,-1.1
426,TQBR,2022-08-31,LKOH,57250,5465757702.0,4300.0,4161.5,4300.0,4237.0,4270.0,1290069,4270.0,5465757702.0,3.14
427,TQBR,2022-09-01,LKOH,125638,11094947667.5,4250.0,4221.0,4773.0,4524.5,4722.0,2450494,4722.0,11094947667.5,10.59
428,TQBR,2022-09-02,LKOH,84843,8122770159.5,4660.0,4556.0,4714.5,4614.5,4595.0,1760288,4595.0,8122770159.5,-2.69
429,TQBR,2022-09-05,LKOH,63881,5190190777.0,4619.5,4483.0,4690.0,4610.0,4658.0,1126019,4658.0,5190190777.0,1.37
430,TQBR,2022-09-06,LKOH,59268,4957164647.0,4660.0,4410.5,4666.5,4544.5,4545.0,1090840,4545.0,4957164647.0,-2.43
431,TQBR,2022-09-07,LKOH,42935,3621545142.0,4545.0,4420.0,4545.0,4493.0,4420.0,805982,4420.0,3621545142.0,-2.75
432,TQBR,2022-09-08,LKOH,28245,1877731100.0,4400.0,4376.0,4432.5,4400.0,4410.0,426722,4410.0,1877731100.0,-0.23
433,TQBR,2022-09-09,LKOH,29326,2301615453.5,4437.0,4401.5,4500.0,4466.5,4470.0,515383,4470.0,2301615453.5,1.36
434,TQBR,2022-09-12,LKOH,41294,2816391588.0,4460.0,4426.5,4591.5,4542.0,4560.0,620069,4548.0,2734610200.0,2.01
435,TQBR,2022-09-13,LKOH,26780,1872731513.5,4570.0,4510.0,4588.5,4557.5,4542.5,411138,4541.0,1811491077.5,-0.38
436,TQBR,2022-09-14,LKOH,40637,3553574359.5,4531.0,4403.5,4548.0,4473.5,4472.0,795168,4484.0,3371815846.0,-1.55
437,TQBR,2022-09-15,LKOH,35540,2724604933.5,4471.0,4436.0,4558.0,4511.5,4530.0,603939,4550.0,2630380666.5,1.3
439,TQBR,2022-09-16,LKOH,30441,2162856545.0,4539.0,4475.0,4580.0,4527.0,4519.0,477748,4499.0,2052090650.0,-0.24
440,TQBR,2022-09-19,LKOH,24859,1576394763.0,4524.5,4445.0,4548.0,4495.5,4496.0,350560,4495.0,1528652914.5,-0.51
441,TQBR,2022-09-20,LKOH,154247,10901565357.0,4478.0,3830.0,4494.0,4166.5,4055.0,2618662,4025.0,9571232021.5,-9.81
442,TQBR,2022-09-21,LKOH,81103,5836410555.5,3622.5,3622.5,4044.0,3909.5,3955.0,1492869,3950.0,5673297210.0,-2.47
443,TQBR,2022-09-22,LKOH,45941,2938910555.0,3955.0,3951.5,4095.5,4025.0,4011.0,730068,4038.0,2858828937.5,1.42
444,TQBR,2022-09-23,LKOH,54986,3757025835.5,4014.0,3875.0,4037.0,3942.5,3948.5,952665,3920.0,3542650416.5,-1.56
445,TQBR,2022-09-26,LKOH,80524,5530415413.0,3856.0,3605.5,3882.0,3747.5,3708.0,1476193,3750.0,5292231610.0,-6.09
446,TQBR,2022-09-27,LKOH,48465,3134188787.0,3800.0,3715.0,3924.0,3824.5,3865.0,819062,3800.0,2991553783.0,4.23
447,TQBR,2022-09-28,LKOH,38716,2555762572.0,3840.0,3806.5,3967.0,3876.5,3907.5,659396,3900.0,2304317634.5,1.1
448,TQBR,2022-09-29,LKOH,43962,2931606939.5,3948.0,3809.0,3958.0,3880.0,3882.5,755528,3900.0,2703559486.0,-0.64
449,TQBR,2022-09-30,LKOH,52060,3314841929.5,3891.0,3750.0,4088.0,3892.0,3965.0,851752,3907.0,3189541962.0,2.12
450,TQBR,2022-10-03,LKOH,38125,2179985318.5,3971.0,3912.5,4092.0,4000.5,4077.0,544909,4043.0,1948429465.0,2.82
451,TQBR,2022-10-04,LKOH,43854,2729177719.0,4100.0,3961.5,4140.0,4051.0,4094.0,673711,4090.5,2545820947.5,0.42
452,TQBR,2022-10-05,LKOH,54005,3382589997.5,4088.5,4000.0,4189.0,4087.0,4102.5,827581,4103.5,3237093170.0,0.21
453,TQBR,2022-10-06,LKOH,37044,1937012642.5,4123.0,4010.0,4158.0,4092.0,4041.0,473225,4037.5,1796049953.5,-1.5
454,TQBR,2022-10-07,LKOH,44094,2295624356.5,4025.0,3850.0,4030.0,3978.0,3875.0,577138,3989.0,1945927808.5,-4.11
455,TQBR,2022-10-10,LKOH,49492,3262121832.5,3778.0,3757.0,4069.0,3944.0,4035.0,827969,4039.5,3136845066.5,4.13
456,TQBR,2022-10-11,LKOH,40685,2721724739.0,4040.0,4012.5,4188.0,4094.5,4170.0,665088,4106.0,2386974825.5,3.35
457,TQBR,2022-10-12,LKOH,40710,3352139334.5,4181.0,4135.0,4280.0,4211.5,4149.0,797244,4144.5,3111192332.0,-0.5
458,TQBR,2022-10-13,LKOH,35491,2669257591.5,4150.0,4118.0,4261.5,4190.5,4185.5,636889,4162.5,2541930459.5,0.88
459,TQBR,2022-10-14,LKOH,30046,2004313473.0,4199.0,4090.0,4203.0,4131.0,4139.0,485061,4140.0,1818214681.0,-1.11
460,TQBR,2022-10-17,LKOH,31167,2152990150.5,4150.0,4113.0,4220.0,4173.5,4212.5,515655,4212.0,2005199783.0,1.78
461,TQBR,2022-10-18,LKOH,41052,3253640069.0,4255.0,4207.0,4359.0,4272.5,4240.0,761617,4300.5,2601759127.5,0.65
462,TQBR,2022-10-19,LKOH,47421,3886714532.0,4210.5,4106.5,4277.0,4165.5,4204.5,932503,4156.0,3541880941.5,-0.84
463,TQBR,2022-10-20,LKOH,51537,4517198691.0,4220.0,4180.5,4400.0,4305.0,4380.5,1049531,4378.0,3988205830.0,4.19
464,TQBR,2022-10-21,LKOH,47671,3768094344.0,4399.0,4350.5,4462.0,4406.5,4433.0,855199,4412.5,3412193922.0,1.2
465,TQBR,2022-10-24,LKOH,34525,2815250665.0,4474.0,4385.5,4491.0,4445.5,4439.5,633248,4456.5,2651906042.5,0.15
466,TQBR,2022-10-25,LKOH,38923,2939758843.5,4465.0,4436.0,4579.5,4515.0,4569.5,651312,4559.0,2701502338.5,2.93
467,TQBR,2022-10-26,LKOH,40727,3056766763.5,4574.0,4512.5,4624.0,4573.5,4613.5,668598,4587.0,2750594395.5,0.96
468,TQBR,2022-10-27,LKOH,50597,3698936902.5,4623.5,4592.0,4746.5,4686.5,4724.0,789173,4746.5,3412735105.0,2.4
469,TQBR,2022-10-28,LKOH,128412,10867749116.0,4712.0,4516.0,4800.0,4674.5,4700.5,2324509,4711.5,10350014477.0,-0.5
470,TQBR,2022-10-31,LKOH,46252,3037751279.0,4730.0,4659.0,4765.0,4708.5,4695.5,645169,4681.0,2853124384.5,-0.11
471,TQBR,2022-11-01,LKOH,27167,1610334164.5,4725.0,4660.0,4729.5,4691.5,4700.0,343265,4686.0,1359876906.5,0.1
472,TQBR,2022-11-02,LKOH,57686,4708106556.0,4710.0,4626.5,4788.0,4708.0,4670.0,999931,4699.0,4154880587.5,-0.64
473,TQBR,2022-11-03,LKOH,46156,2595691958.0,4670.0,4620.0,4687.0,4655.5,4687.0,557486,4675.0,2334453857.5,0.36
474,TQBR,2022-11-07,LKOH,45126,3201645643.0,4718.0,4695.0,4732.0,4711.0,4723.5,679575,4720.0,2869344028.5,0.78
475,TQBR,2022-11-08,LKOH,24519,1611305950.0,4723.5,4688.0,4725.0,4705.5,4697.5,342418,4714.0,1355873257.5,-0.55
476,TQBR,2022-11-09,LKOH,41748,2258107007.5,4698.0,4600.0,4713.0,4668.0,4632.0,483762,4645.5,1499105337.0,-1.39
477,TQBR,2022-11-10,LKOH,32908,2257363275.0,4633.0,4625.5,4694.5,4661.5,4681.0,484272,4688.0,1978638464.0,1.06
478,TQBR,2022-11-11,LKOH,25330,1718410433.0,4690.5,4648.5,4694.0,4664.5,4670.0,368320,4655.0,1547591213.0,-0.23
479,TQBR,2022-11-14,LKOH,24254,1727931326.5,4680.0,4654.0,4684.5,4669.5,4658.5,370000,4670.0,1549360494.5,-0.25
480,TQBR,2022-11-15,LKOH,59770,3937243559.0,4660.0,4427.0,4676.0,4586.5,4565.0,858460,4632.0,1740003985.5,-2.01
481,TQBR,2022-11-16,LKOH,28000,1933639298.5,4596.0,4576.5,4670.0,4638.0,4661.5,416935,4661.5,1801304438.5,2.11
482,TQBR,2022-11-17,LKOH,20357,1206517784.0,4662.0,4602.0,4666.0,4625.5,4621.0,260762,4623.0,1068003897.0,-0.87
483,TQBR,2022-11-18,LKOH,18950,1164191941.5,4583.0,4583.0,4641.0,4609.0,4623.0,252615,4628.0,1012438324.0,0.04
484,TQBR,2022-11-21,LKOH,28498,1925733029.0,4623.0,4555.0,4625.0,4586.5,4605.5,419865,4578.5,1523798178.5,-0.38
485,TQBR,2022-11-22,LKOH,20320,1501319927.0,4608.0,4581.0,4646.5,4617.5,4618.0,325156,4620.0,1252163602.0,0.27
486,TQBR,2022-11-23,LKOH,42224,2859007759.0,4628.0,4610.0,4719.0,4674.0,4679.0,611651,4674.0,2654558817.0,1.32
487,TQBR,2022-11-24,LKOH,19564,1033060414.0,4680.0,4653.0,4707.0,4673.0,4664.0,221070,4667.0,951896701.5,-0.32
488,TQBR,2022-11-25,LKOH,18897,1091356298.5,4668.0,4635.0,4678.5,4658.5,4669.0,234262,4670.0,984137343.0,0.11
489,TQBR,2022-11-28,LKOH,41467,2114925633.0,4647.0,4590.0,4657.0,4617.5,4624.0,457960,4619.0,1878956398.0,-0.96
490,TQBR,2022-11-29,LKOH,38665,2113094839.5,4631.0,4595.0,4648.0,4611.0,4602.0,458143,4607.0,1958650087.0,-0.48
491,TQBR,2022-11-30,LKOH,29942,1542999559.5,4603.0,4584.0,4618.0,4596.0,4614.5,335624,4598.0,1321071346.0,0.27
492,TQBR,2022-12-01,LKOH,25822,1485117613.5,4618.0,4572.5,4623.5,4596.0,4599.5,323109,4599.5,1303360979.0,-0.33
493,TQBR,2022-12-02,LKOH,28351,1470740702.0,4590.0,4574.0,4598.0,4585.5,4577.5,320743,4585.0,1227612360.5,-0.48
494,TQBR,2022-12-05,LKOH,55680,4223889587.5,4589.5,4575.0,4649.0,4613.5,4619.0,915566,4635.0,3623163224.0,0.91
495,TQBR,2022-12-06,LKOH,27305,2018470698.5,4632.5,4586.0,4633.0,4614.5,4603.5,437627,4624.0,1655219219.5,-0.34
496,TQBR,2022-12-07,LKOH,20207,1215201737.0,4610.0,4580.0,4612.0,4600.0,4592.5,264166,4603.5,1024017819.5,-0.24
497,TQBR,2022-12-08,LKOH,30394,1303808301.5,4600.0,4565.0,4602.0,4580.0,4578.0,284671,4592.0,1178836038.5,-0.32
498,TQBR,2022-12-09,LKOH,20228,1027656340.0,4583.0,4570.0,4586.0,4578.0,4583.0,224466,4585.0,853485680.5,0.11
499,TQBR,2022-12-12,LKOH,25732,1492273780.5,4595.0,4575.0,4607.0,4587.5,4583.5,325265,4588.0,1334610086.0,0.01
500,TQBR,2022-12-13,LKOH,30045,1882311920.0,4596.0,4560.0,4596.0,4573.5,4577.5,411496,4580.0,1752479910.0,-0.13
501,TQBR,2022-12-14,LKOH,29148,2557386235.5,4580.0,4560.0,4604.0,4586.0,4590.5,557598,4589.0,2298657183.0,0.28
502,TQBR,2022-12-15,LKOH,48057,3288284640.5,4591.0,4511.0,4599.5,4551.0,4521.0,722358,4520.0,2934283450.5,-1.51
504,TQBR,2022-12-16,LKOH,40128,2882635492.5,4526.5,4501.0,4590.0,4551.0,4580.0,633257,4585.0,2451661944.5,1.31
505,TQBR,2022-12-19,LKOH,70674,5751233574.0,4585.0,4530.5,4625.0,4577.5,4625.0,1255747,4606.5,4538197323.5,0.98
506,TQBR,2022-12-20,LKOH,123412,7667062519.0,4146.0,3883.5,4146.0,4032.0,4076.0,1893759,4072.5,7334790398.5,-11.87
507,TQBR,2022-12-21,LKOH,61598,2831008007.5,4085.0,3997.0,4095.0,4040.5,4040.5,700517,4032.0,2648240316.5,-0.87
508,TQBR,2022-12-22,LKOH,35831,1729769779.0,4050.0,4017.0,4058.5,4035.5,4027.5,428577,4035.0,1574107667.0,-0.32
509,TQBR,2022-12-23,LKOH,38532,1654490765.0,4022.0,3985.0,4024.5,4000.5,4010.5,413409,4007.0,1497024416.0,-0.42
510,TQBR,2022-12-26,LKOH,33270,1530609943.5,4014.0,4000.0,4047.0,4020.5,4010.0,380715,4019.5,1426444953.0,-0.01
511,TQBR,2022-12-27,LKOH,29455,1577606423.5,4020.0,4011.0,4035.0,4020.5,4028.5,392368,4027.5,1405245413.5,0.46
512,TQBR,2022-12-28,LKOH,31081,1508073585.0,4032.5,4010.0,4040.0,4020.5,4015.5,374999,4028.5,1291943504.0,-0.32
513,TQBR,2022-12-29,LKOH,29632,1105671633.5,4017.0,4015.5,4035.0,4024.0,4022.0,274674,4019.0,997367663.5,0.16
514,TQBR,2022-12-30,LKOH,34476,1844567992.5,4030.5,4022.5,4088.0,4058.5,4069.5,454463,4072.5,1597514939.5,1.18
515,TQBR,2023-01-03,LKOH,28310,1323451321.5,4082.0,4075.5,4139.0,4117.5,4123.5,321492,4136.0,1152085402.0,1.33
516,TQBR,2023-01-04,LKOH,32888,1675337847.5,4124.0,4090.0,4165.5,4128.5,4116.0,405820,4123.0,1570980897.5,-0.18
517,TQBR,2023-01-05,LKOH,18572,721588023.0,4121.5,4081.5,4127.0,4095.0,4087.0,176209,4085.0,678720461.5,-0.7
518,TQBR,2023-01-06,LKOH,17940,983235157.5,4088.0,4085.0,4118.0,4099.0,4089.0,239862,4098.0,827066477.0,0.05
519,TQBR,2023-01-09,LKOH,28910,1463759207.0,4105.0,4093.0,4123.0,4109.0,4110.0,356313,4100.5,1285806478.5,0.51
520,TQBR,2023-01-10,LKOH,22501,1173639565.5,4100.0,4063.5,4104.0,4080.5,4079.0,287625,4080.0,1054599396.5,-0.75
521,TQBR,2023-01-11,LKOH,20239,1080758322.0,4080.0,4065.5,4099.0,4088.5,4090.5,264357,4097.5,921690377.0,0.28
522,TQBR,2023-01-12,LKOH,17426,715946693.0,4091.0,4071.0,4094.0,4080.5,4078.5,175454,4074.5,630471628.0,-0.29
523,TQBR,2023-01-13,LKOH,18928,908029500.5,4080.0,4068.0,4090.0,4076.5,4074.0,222760,4078.0,832117222.5,-0.11
524,TQBR,2023-01-16,LKOH,43572,1884934076.0,4078.0,4045.0,4096.5,4068.0,4052.0,463287,,,-0.54
525,TQBR,2023-01-17,LKOH,27664,1321905727.5,4052.5,4015.0,4060.5,4046.0,4025.0,326706,,,-0.67
526,TQBR,2023-01-18,LKOH,23450,1090318317.5,4037.5,4012.0,4049.0,4027.5,4021.0,270721,,,-0.1
527,TQBR,2023-01-19,LKOH,41867,1653199759.0,4019.5,3974.0,4020.0,3990.5,3981.0,414205,,,-0.99
528,TQBR,2023-01-20,LKOH,32740,1519366048.0,3982.0,3925.0,3995.0,3955.0,3944.0,384133,,,-0.93
529,TQBR,2023-01-23,LKOH,28588,1348859927.0,3950.0,3944.5,3979.5,3962.5,3972.5,340221,,,0.72
530,TQBR,2023-01-24,LKOH,30179,1175887636.5,3986.0,3930.5,3990.0,3968.0,3942.5,296368,,,-0.76
531,TQBR,2023-01-25,LKOH,47097,2123666057.5,3949.0,3900.5,3960.0,3915.0,3923.5,542133,,,-0.48
532,TQBR,2023-01-26,LKOH,26513,1277184590.0,3924.0,3901.5,3935.0,3911.5,3911.0,326405,,,-0.32
533,TQBR,2023-01-27,LKOH,38024,1848495797.0,3911.0,3892.5,3920.0,3902.5,3917.0,473474,,,0.15
534,TQBR,2023-01-30,LKOH,27795,1264910914.0,3929.0,3917.0,3954.0,3936.0,3947.5,321296,,,0.78
535,TQBR,2023-01-31,LKOH,28838,1492309310.5,3947.0,3925.5,3972.5,3951.0,3955.0,377660,,,0.19
536,TQBR,2023-02-01,LKOH,30540,1405755240.5,3959.5,3935.0,3989.0,3962.5,3955.5,354764,,,0.01
537,TQBR,2023-02-02,LKOH,43859,2225428819.5,3955.5,3900.5,3960.0,3918.5,3918.5,567894,,,-0.94
538,TQBR,2023-02-03,LKOH,44350,2148637468.5,3918.0,3880.0,3920.0,3898.5,3907.5,551146,,,-0.28
539,TQBR,2023-02-06,LKOH,31034,1621779204.0,3908.0,3902.0,3946.5,3931.5,3941.0,412519,,,0.86
540,TQBR,2023-02-07,LKOH,27563,1545373167.5,3950.5,3931.0,3977.0,3956.0,3968.0,390661,,,0.69
541,TQBR,2023-02-08,LKOH,35344,2112386504.0,3979.0,3903.0,3998.5,3957.5,3930.5,533759,,,-0.95
542,TQBR,2023-02-09,LKOH,19983,1163574598.0,3949.0,3907.5,3960.0,3937.0,3914.0,295567,,,-0.42
543,TQBR,2023-02-10,LKOH,25749,1237710536.5,3915.0,3903.5,3969.5,3921.5,3921.5,315593,,,0.19
544,TQBR,2023-02-13,LKOH,22466,1121401431.5,3941.5,3911.0,3948.0,3932.5,3928.5,285214,,,0.18
545,TQBR,2023-02-14,LKOH,20901,1127435826.5,3928.5,3905.0,3937.0,3919.5,3914.5,287643,,,-0.36
546,TQBR,2023-02-15,LKOH,56429,2705432669.5,3903.0,3800.0,3906.0,3858.0,3829.0,701274,,,-2.18
547,TQBR,2023-02-16,LKOH,24486,1316400571.5,3840.0,3811.5,3873.5,3844.0,3830.0,342417,,,0.03
548,TQBR,2023-02-17,LKOH,17354,962446135.5,3830.0,3802.5,3860.0,3840.5,3840.0,250591,,,0.26
549,TQBR,2023-02-20,LKOH,29943,1744116175.5,3849.5,3804.0,3927.5,3864.5,3905.0,451382,,,1.69
550,TQBR,2023-02-21,LKOH,25609,1466258639.0,3912.0,3901.5,3950.0,3924.5,3914.5,373583,,,0.24
551,TQBR,2023-02-22,LKOH,15232,763701290.0,3915.5,3873.0,3925.0,3903.5,3909.5,195649,,,-0.13
552,TQBR,2023-02-24,LKOH,10628,482759286.0,3916.0,3880.0,3925.0,3904.0,3901.0,123659,,,-0.22
553,TQBR,2023-02-27,LKOH,22383,1241072275.0,3881.5,3881.5,3920.0,3908.0,3903.0,317560,,,0.05
554,TQBR,2023-02-28,LKOH,62680,4667836468.0,3905.5,3903.0,4021.0,3972.5,3990.0,1174897,,,2.23
555,TQBR,2023-03-01,LKOH,52501,3335690108.0,4012.0,3978.0,4060.0,4028.0,4056.0,827958,,,1.65
556,TQBR,2023-03-02,LKOH,66449,4080875317.0,4056.5,3966.0,4078.0,4026.5,4004.0,1013506,,,-1.28
557,TQBR,2023-03-03,LKOH,26989,1884848205.0,4003.0,4001.5,4048.0,4032.0,4030.5,467509,,,0.66
558,TQBR,2023-03-06,LKOH,47890,3141144950.0,4048.0,4045.5,4129.0,4093.5,4111.5,767483,,,2.01
559,TQBR,2023-03-07,LKOH,27066,1838129744.0,4124.5,4090.0,4138.0,4117.5,4125.0,446449,,,0.33
560,TQBR,2023-03-09,LKOH,24407,1518196262.0,4125.0,4099.0,4136.0,4114.0,4105.0,369041,,,-0.48
561,TQBR,2023-03-10,LKOH,27699,1682036033.5,4088.0,4035.0,4111.0,4085.0,4085.0,411767,,,-0.49
562,TQBR,2023-03-13,LKOH,30779,1871834479.5,4090.5,4039.0,4120.0,4081.5,4066.0,458634,,,-0.47
563,TQBR,2023-03-14,LKOH,25427,1482053216.5,4059.0,4044.0,4095.0,4068.0,4063.0,364334,,,-0.07
564,TQBR,2023-03-15,LKOH,41832,2180120857.5,4077.0,4009.0,4079.0,4038.5,4022.0,540003,,,-1.01
565,TQBR,2023-03-16,LKOH,33005,2538548960.5,4013.0,4011.0,4092.0,4039.5,4084.0,628469,,,1.54
567,TQBR,2023-03-17,LKOH,58486,3791985622.5,4095.0,4073.0,4140.0,4113.5,4111.5,921975,,,0.67
568,TQBR,2023-03-20,LKOH,61942,4017478711.5,4128.0,4090.5,4247.5,4180.5,4228.5,961015,,,2.85
569,TQBR,2023-03-21,LKOH,53358,3748527430.5,4230.0,4167.5,4287.5,4227.5,4216.5,886701,,,-0.28
570,TQBR,2023-03-22,LKOH,24758,1772355509.5,4216.0,4184.0,4254.0,4221.5,4192.5,419844,,,-0.57
571,TQBR,2023-03-23,LKOH,25998,1563789918.0,4199.5,4159.0,4215.0,4182.0,4177.5,373939,,,-0.36
572,TQBR,2023-03-24,LKOH,16873,1017039867.5,4178.0,4158.0,4221.0,4195.0,4206.5,242457,,,0.69
573,TQBR,2023-03-27,LKOH,36802,2508887838.5,4230.0,4217.0,4343.5,4277.5,4322.0,586534,,,2.75
574,TQBR,2023-03-28,LKOH,31521,2114506351.0,4331.0,4271.0,4350.5,4310.5,4320.0,490573,,,-0.05
575,TQBR,2023-03-29,LKOH,27429,1827180782.5,4323.0,4294.0,4360.0,4331.5,4342.0,421821,,,0.51
576,TQBR,2023-03-30,LKOH,29059,1921369366.5,4349.5,4320.0,4388.5,4364.5,4382.5,440238,,,0.93
577,TQBR,2023-03-31,LKOH,47897,2927309853.0,4379.0,4280.5,4389.0,4333.0,4352.5,675588,,,-0.68
578,TQBR,2023-04-03,LKOH,64557,5059469766.5,4499.5,4422.0,4508.5,4472.0,4473.5,1131475,,,2.78
579,TQBR,2023-04-04,LKOH,45051,4159083536.5,4491.5,4476.5,4575.5,4530.5,4510.5,918078,,,0.83
580,TQBR,2023-04-05,LKOH,31106,2515854873.5,4509.5,4460.0,4545.0,4497.5,4540.0,559414,,,0.65
581,TQBR,2023-04-06,LKOH,53912,4307253711.0,4541.5,4475.5,4623.5,4592.5,4585.0,937866,,,0.99
582,TQBR,2023-04-07,LKOH,44008,2953973772.0,4610.5,4520.0,4638.5,4597.0,4637.0,642433,,,1.13
583,TQBR,2023-04-10,LKOH,42214,2812793727.0,4636.0,4620.0,4661.0,4643.0,4650.5,605838,,,0.29
584,TQBR,2023-04-11,LKOH,48561,4178663868.5,4650.5,4575.0,4689.0,4651.0,4620.0,898479,,,-0.66
585,TQBR,2023-04-12,LKOH,44531,4384764374.5,4668.0,4630.0,4728.5,4674.0,4670.0,937989,,,1.08
586,TQBR,2023-04-13,LKOH,49697,4181063102.0,4686.0,4590.0,4686.0,4629.0,4612.5,903150,,,-1.23
587,TQBR,2023-04-14,LKOH,53041,4383066870.0,4612.5,4553.5,4629.0,4584.5,4618.0,956035,,,0.12
588,TQBR,2023-04-17,LKOH,43453,3084899392.5,4660.0,4629.5,4670.0,4649.5,4640.0,663501,,,0.48
589,TQBR,2023-04-18,LKOH,53327,4088555102.0,4649.5,4583.5,4658.0,4614.0,4599.5,886105,,,-0.87
590,TQBR,2023-04-19,LKOH,64601,5631231077.0,4600.0,4528.0,4609.5,4566.5,4539.5,1233167,,,-1.3
591,TQBR,2023-04-20,LKOH,147622,17086297863.5,4539.5,4462.0,4794.5,4667.0,4746.0,3660601,,,4.55
592,TQBR,2023-04-21,LKOH,39564,4055912112.5,4759.5,4711.0,4776.5,4742.0,4729.5,855354,,,-0.35
593,TQBR,2023-04-24,LKOH,32894,2508114138.5,4728.5,4692.5,4750.0,4721.5,4710.5,531210,,,-0.4
594,TQBR,2023-04-25,LKOH,20894,1840732536.0,4714.0,4678.0,4720.0,4700.5,4689.0,391565,,,-0.46
595,TQBR,2023-04-26,LKOH,42835,3019460582.5,4695.0,4627.5,4706.0,4667.5,4659.0,646923,,,-0.64
596,TQBR,2023-04-27,LKOH,24108,2394979843.5,4659.0,4655.0,4710.5,4689.0,4700.0,510777,,,0.88
597,TQBR,2023-04-28,LKOH,29084,2530129370.5,4710.0,4641.5,4710.0,4675.0,4674.5,541274,,,-0.54
598,TQBR,2023-05-02,LKOH,47444,3966339730.5,4680.0,4552.0,4705.0,4628.0,4581.0,856737,,,-2.0
599,TQBR,2023-05-03,LKOH,62958,5062956176.5,4581.0,4491.0,4638.0,4569.0,4508.5,1108207,,,-1.58
600,TQBR,2023-05-04,LKOH,27224,2231532965.5,4529.5,4512.5,4564.5,4536.0,4547.5,491929,,,0.87
601,TQBR,2023-05-05,LKOH,26116,1964045634.0,4547.5,4501.5,4557.5,4528.0,4509.0,433747,,,-0.85
602,TQBR,2023-05-08,LKOH,19250,1658042916.5,4524.5,4517.5,4599.5,4561.0,4564.5,363539,,,1.23
603,TQBR,2023-05-10,LKOH,57647,4704659900.5,4560.0,4559.0,4716.0,4667.0,4716.0,1008279,,,3.32
604,TQBR,2023-05-11,LKOH,113328,11337129330.0,4728.5,4681.0,4849.5,4787.5,4788.5,2368559,,,1.54
605,TQBR,2023-05-12,LKOH,46638,4674851704.0,4800.0,4751.0,4842.5,4802.5,4819.0,973509,,,0.64
606,TQBR,2023-05-15,LKOH,100794,9306615680.0,4840.0,4838.0,5055.0,4952.0,5045.5,1879341,,,4.7
607,TQBR,2023-05-16,LKOH,77583,7558944142.5,5068.0,5020.5,5120.0,5085.0,5086.0,1486446,,,0.8
608,TQBR,2023-05-17,LKOH,37892,3524580159.5,5094.5,5060.5,5120.0,5087.0,5097.0,692804,,,0.22
609,TQBR,2023-05-18,LKOH,35564,3387053164.5,5110.0,5070.0,5120.0,5090.5,5075.0,665351,,,-0.43
610,TQBR,2023-05-19,LKOH,40028,3378909996.5,5070.0,5013.0,5078.5,5047.5,5078.5,669407,,,0.07
611,TQBR,2023-05-22,LKOH,27346,2385761006.5,5112.0,5057.0,5116.0,5081.5,5090.0,469490,,,0.23
612,TQBR,2023-05-23,LKOH,42137,4757087119.0,5094.0,5065.0,5174.0,5113.0,5173.0,930012,,,1.63
613,TQBR,2023-05-24,LKOH,43450,4938393893.0,5185.0,5142.0,5215.0,5172.5,5192.0,953702,,,0.37
614,TQBR,2023-05-25,LKOH,67775,4462642673.0,5198.0,5160.5,5209.0,5195.5,5203.5,858843,,,0.22
615,TQBR,2023-05-26,LKOH,55157,5139367859.0,5207.5,5203.0,5298.5,5247.0,5296.5,979241,,,1.79
616,TQBR,2023-05-29,LKOH,105470,12141850403.0,5341.0,5332.0,5547.5,5478.5,5538.5,2215860,,,4.57
617,TQBR,2023-05-30,LKOH,128916,14462701872.0,5515.0,5461.5,5698.5,5599.5,5530.0,2582957,,,-0.15
618,TQBR,2023-05-31,LKOH,67664,6324434583.5,5590.5,5505.0,5594.0,5556.0,5569.0,1138315,,,0.71
619,TQBR,2023-06-01,LKOH,98016,9935747200.0,5570.0,5540.0,5685.0,5628.5,5684.0,1765312,,,2.07
620,TQBR,2023-06-02,LKOH,196226,17412550068.0,5303.0,5302.0,5454.0,5388.5,5383.0,3232253,,,-5.3
621,TQBR,2023-06-05,LKOH,153372,11035204917.0,5401.0,5155.5,5420.0,5272.0,5166.5,2093226,,,-4.02
622,TQBR,2023-06-06,LKOH,118728,11124598806.0,5145.0,4962.5,5175.5,5064.0,5149.5,2197270,,,-0.33
623,TQBR,2023-06-07,LKOH,81510,4772425825.0,5164.5,5073.0,5164.5,5113.5,5101.0,933289,,,-0.94
624,TQBR,2023-06-08,LKOH,73030,3756669177.5,5101.0,5041.0,5111.0,5069.5,5065.0,741006,,,-0.71
625,TQBR,2023-06-09,LKOH,36980,2658745072.0,5082.0,5070.0,5112.5,5088.5,5077.0,522435,,,0.24
626,TQBR,2023-06-13,LKOH,68458,7162980383.5,5092.0,5077.0,5265.5,5205.5,5264.0,1376175,,,3.68
627,TQBR,2023-06-14,LKOH,47546,4867280057.5,5299.0,5205.5,5324.0,5258.0,5246.0,925722,,,-0.34
628,TQBR,2023-06-15,LKOH,53952,5576232224.5,5251.5,5226.0,5319.5,5278.0,5302.5,1056143,,,1.08
630,TQBR,2023-06-16,LKOH,34389,3012883537.0,5309.5,5243.5,5330.0,5276.0,5260.5,571053,,,-0.79
631,TQBR,2023-06-19,LKOH,51460,4036066120.5,5262.0,5177.0,5297.5,5217.0,5194.0,773461,,,-1.26
632,TQBR,2023-06-20,LKOH,57862,5029426926.5,5190.0,5081.0,5194.0,5142.5,5150.5,977789,,,-0.84
633,TQBR,2023-06-21,LKOH,38283,3311940340.0,5152.5,5110.0,5166.5,5135.0,5125.0,644977,,,-0.5
634,TQBR,2023-06-22,LKOH,38366,3107143307.5,5134.0,5103.0,5189.0,5146.5,5137.0,603808,,,0.23
635,TQBR,2023-06-23,LKOH,65445,5422282936.5,5130.0,5004.0,5145.0,5076.0,5030.0,1068303,,,-2.08
636,TQBR,2023-06-26,LKOH,73317,6010509695.5,5100.0,4965.0,5114.0,5049.0,5048.5,1190426,,,0.37
637,TQBR,2023-06-27,LKOH,50424,4740654477.5,5077.0,5031.0,5158.5,5128.5,5138.0,924408,,,1.77
638,TQBR,2023-06-28,LKOH,49579,3598742609.0,5150.0,5082.0,5155.0,5119.5,5108.0,702887,,,-0.58
639,TQBR,2023-06-29,LKOH,39355,3807086554.0,5116.5,5096.0,5150.0,5129.5,5124.0,742239,,,0.31
640,TQBR,2023-06-30,LKOH,32906,3629031080.0,5127.0,5063.0,5139.0,5099.5,5079.0,711614,,,-0.88
641,TQBR,2023-07-03,LKOH,32042,3260193013.5,5099.0,5080.0,5123.0,5106.5,5095.5,638455,,,0.32
642,TQBR,2023-07-04,LKOH,70267,7617815970.5,5110.0,5082.0,5260.0,5189.0,5209.0,1467875,,,2.23
643,TQBR,2023-07-05,LKOH,61041,6382574352.0,5225.0,5221.5,5311.0,5277.5,5298.5,1209399,,,1.72
644,TQBR,2023-07-06,LKOH,67535,7543814801.0,5320.0,5304.0,5390.0,5351.0,5347.0,1410043,,,0.92
645,TQBR,2023-07-07,LKOH,51984,7025318572.0,5362.0,5326.0,5446.5,5407.5,5439.5,1299189,,,1.73
646,TQBR,2023-07-10,LKOH,62380,5981493667.0,5475.5,5404.0,5505.5,5451.5,5436.0,1097047,,,-0.06
647,TQBR,2023-07-11,LKOH,38346,3740344228.0,5440.5,5366.5,5449.5,5410.5,5439.0,691228,,,0.06
648,TQBR,2023-07-12,LKOH,55616,6751311312.5,5442.0,5377.5,5535.0,5494.0,5500.0,1229029,,,1.12
649,TQBR,2023-07-13,LKOH,36789,3967481491.5,5531.0,5461.0,5549.5,5502.0,5498.0,721187,,,-0.04
650,TQBR,2023-07-14,LKOH,35426,4371988986.5,5488.0,5450.0,5550.0,5521.0,5514.0,792177,,,0.29
651,TQBR,2023-07-17,LKOH,47942,4227845386.0,5490.0,5462.5,5535.0,5507.5,5503.0,767646,,,-0.2
652,TQBR,2023-07-18,LKOH,55752,6377872411.5,5514.5,5481.0,5585.0,5544.5,5537.5,1150298,,,0.63
653,TQBR,2023-07-19,LKOH,39945,3371241853.5,5541.0,5495.0,5568.0,5518.5,5518.0,610875,,,-0.35
654,TQBR,2023-07-20,LKOH,61230,4715606423.0,5518.0,5381.0,5520.0,5458.0,5394.0,864108,,,-2.25
655,TQBR,2023-07-21,LKOH,50422,3518231790.5,5410.0,5397.5,5505.0,5468.0,5505.0,643480,,,2.06
656,TQBR,2023-07-24,LKOH,35582,3456821530.0,5508.0,5491.0,5554.0,5519.5,5545.5,626210,,,0.74
657,TQBR,2023-07-25,LKOH,67998,6844368601.5,5555.5,5532.5,5649.5,5601.0,5633.5,1221979,,,1.59
658,TQBR,2023-07-26,LKOH,42594,4302002825.5,5636.0,5591.0,5665.5,5631.0,5626.0,763971,,,-0.13
659,TQBR,2023-07-27,LKOH,34587,3591962804.5,5638.0,5637.5,5678.0,5666.0,5668.0,633923,,,0.75
660,TQBR,2023-07-28,LKOH,90171,10788401148.5,5679.0,5654.5,5917.0,5780.0,5896.0,1866234,,,4.02
661,TQBR,2023-07-31,LKOH,83645,9279307154.0,5952.5,5905.5,5999.5,5961.5,5938.0,1556499,,,0.71
662,TQBR,2023-08-01,LKOH,79693,8019253542.5,5940.5,5883.0,6049.0,5978.5,6008.0,1341457,,,1.18
663,TQBR,2023-08-02,LKOH,85842,7986643495.5,6008.0,5960.0,6123.0,6068.0,6069.5,1316225,,,1.02
664,TQBR,2023-08-03,LKOH,62454,6117297819.5,6066.0,6040.0,6168.0,6119.0,6155.0,999735,,,1.41
665,TQBR,2023-08-04,LKOH,138391,17457885116.5,6170.0,5951.5,6270.0,6144.5,6103.0,2841306,,,-0.84
666,TQBR,2023-08-07,LKOH,86092,8623913811.0,6177.0,5975.0,6210.0,6117.5,6048.5,1409863,,,-0.89
667,TQBR,2023-08-08,LKOH,80577,9358005945.0,6040.0,5925.0,6135.0,6022.0,6124.5,1553747,,,1.26
668,TQBR,2023-08-09,LKOH,50996,5782564052.5,6130.0,6073.0,6185.0,6145.0,6171.5,941045,,,0.77
669,TQBR,2023-08-10,LKOH,58456,6349833883.5,6185.0,6155.0,6258.0,6216.5,6252.0,1021463,,,1.3
670,TQBR,2023-08-11,LKOH,51669,4930413401.5,6265.0,6205.0,6287.0,6249.5,6284.5,788917,,,0.52
671,TQBR,2023-08-14,LKOH,166049,19004042624.5,6322.0,6011.5,6428.0,6259.5,6127.5,3036111,,,-2.5
672,TQBR,2023-08-15,LKOH,108499,14110258518.5,6089.5,6008.0,6290.0,6202.5,6131.5,2275173,,,0.07
673,TQBR,2023-08-16,LKOH,98392,12107406770.0,6156.5,5990.5,6198.0,6077.5,6094.5,1992176,,,-0.6
674,TQBR,2023-08-17,LKOH,47066,5517545139.0,6160.0,6062.0,6167.0,6126.5,6162.0,900508,,,1.11
675,TQBR,2023-08-18,LKOH,50689,5699273253.5,6167.0,6122.5,6285.0,6203.5,6277.5,918710,,,1.87
676,TQBR,2023-08-21,LKOH,59767,7489249639.0,6295.0,6237.0,6338.0,6293.0,6265.5,1190057,,,-0.19
677,TQBR,2023-08-22,LKOH,196503,34763622728.0,6265.5,6216.5,6677.0,6554.5,6606.5,5303696,,,5.44
678,TQBR,2023-08-23,LKOH,148188,19178937933.5,6632.0,6364.0,6654.0,6502.0,6412.5,2949873,,,-2.94
679,TQBR,2023-08-24,LKOH,60566,8050637122.5,6497.5,6432.0,6571.5,6498.5,6561.5,1238864,,,2.32
680,TQBR,2023-08-25,LKOH,41442,5012840120.5,6562.5,6513.5,6592.5,6558.0,6566.0,764285,,,0.07
681,TQBR,2023-08-28,LKOH,52135,6044555485.0,6570.5,6560.0,6665.0,6614.0,6662.0,913840,,,1.46
682,TQBR,2023-08-29,LKOH,81422,13005805291.5,6673.5,6636.0,6780.0,6696.0,6779.5,1942005,,,1.76
683,TQBR,2023-08-30,LKOH,106659,14808316303.0,6789.0,6760.0,6900.0,6842.5,6837.0,2164120,,,0.85
684,TQBR,2023-08-31,LKOH,49663,5613714283.5,6858.5,6788.0,6875.0,6827.5,6830.0,822172,,,-0.1
685,TQBR,2023-09-01,LKOH,43880,4826501395.5,6839.0,6784.0,6848.0,6804.5,6819.0,709297,,,-0.16
686,TQBR,2023-09-04,LKOH,44825,4511135560.0,6844.0,6825.0,6870.0,6844.5,6850.0,659054,,,0.45
687,TQBR,2023-09-05,LKOH,55042,8247482246.0,6860.0,6847.0,6940.0,6894.5,6916.0,1196241,,,0.96
688,TQBR,2023-09-06,LKOH,42413,5300634718.5,6915.0,6832.5,6916.0,6875.5,6867.5,770873,,,-0.7
689,TQBR,2023-09-07,LKOH,115884,15293150277.0,6855.5,6571.5,6880.0,6721.0,6666.5,2276051,,,-2.93
690,TQBR,2023-09-08,LKOH,72461,8784859683.5,6660.0,6533.0,6724.0,6612.0,6625.0,1328582,,,-0.62
691,TQBR,2023-09-11,LKOH,74155,8506116922.0,6625.0,6435.0,6625.0,6530.5,6456.0,1302524,,,-2.55
692,TQBR,2023-09-12,LKOH,70724,10200209140.5,6500.0,6480.0,6730.0,6620.5,6729.0,1540652,,,4.23
693,TQBR,2023-09-13,LKOH,47933,7484237944.0,6738.0,6576.0,6739.0,6653.5,6610.0,1124756,,,-1.77
694,TQBR,2023-09-14,LKOH,80681,13452699372.0,6603.0,6346.0,6633.0,6489.5,6519.0,2073404,,,-1.38
695,TQBR,2023-09-15,LKOH,54170,8010328261.5,6520.0,6501.0,6609.0,6549.0,6553.0,1223115,,,0.52
696,TQBR,2023-09-18,LKOH,54031,6032646905.0,6600.0,6476.0,6655.0,6570.0,6526.0,918186,,,-0.41
697,TQBR,2023-09-19,LKOH,85445,9841699462.0,6525.5,6326.5,6560.0,6424.0,6344.0,1532037,,,-2.79
698,TQBR,2023-09-20,LKOH,83145,11983960679.0,6350.0,6280.0,6499.0,6412.0,6423.0,1870029,,,1.25
699,TQBR,2023-09-21,LKOH,89876,9343044898.5,6400.0,6350.0,6428.0,6388.5,6379.0,1462407,,,-0.69
701,TQBR,2023-09-22,LKOH,52840,7180645807.5,6397.0,6305.0,6517.0,6449.5,6495.0,1113523,,,1.82
702,TQBR,2023-09-25,LKOH,43421,4461752401.0,6500.0,6426.0,6525.0,6456.0,6449.0,691002,,,-0.71
703,TQBR,2023-09-26,LKOH,52095,5995033305.5,6430.0,6322.0,6438.0,6375.5,6386.0,940344,,,-0.98
704,TQBR,2023-09-27,LKOH,43811,4718821532.0,6412.0,6404.5,6500.0,6461.0,6490.0,730314,,,1.63
705,TQBR,2023-09-28,LKOH,53010,6499171205.5,6502.0,6501.5,6645.5,6583.0,6645.5,987307,,,2.4
706,TQBR,2023-09-29,LKOH,53890,6383255566.5,6650.0,6603.5,6700.0,6657.5,6677.0,958782,,,0.47
707,TQBR,2023-10-02,LKOH,58520,7477418536.5,6716.5,6658.5,6797.5,6744.0,6720.0,1108736,,,0.64
708,TQBR,2023-10-03,LKOH,51433,6402644543.0,6720.0,6636.5,6784.0,6709.5,6754.5,954481,,,0.51
709,TQBR,2023-10-04,LKOH,49907,6119352880.5,6740.0,6659.5,6815.0,6755.5,6660.5,905828,,,-1.39
710,TQBR,2023-10-05,LKOH,39729,4974584504.5,6706.0,6645.0,6759.5,6710.5,6721.5,741317,,,0.92
711,TQBR,2023-10-06,LKOH,35379,5318510792.5,6749.5,6717.0,6797.0,6760.5,6797.0,786722,,,1.12
712,TQBR,2023-10-09,LKOH,64428,7615757279.0,6880.0,6822.0,6895.5,6868.0,6863.5,1108933,,,0.98
713,TQBR,2023-10-10,LKOH,40870,3783193246.5,6874.0,6822.5,6880.0,6851.0,6853.5,552196,,,-0.15
714,TQBR,2023-10-11,LKOH,190370,24211871421.0,6864.5,6835.5,7099.5,6982.5,6890.5,3467588,,,0.54
715,TQBR,2023-10-12,LKOH,153937,19156873466.5,6862.5,6848.0,7154.0,7043.0,7120.0,2719991,,,3.33
716,TQBR,2023-10-13,LKOH,125166,12045578400.0,7143.0,7136.0,7250.0,7183.5,7244.0,1676799,,,1.74
717,TQBR,2023-10-16,LKOH,98665,10756652843.5,7275.0,7234.5,7349.0,7313.0,7335.0,1470908,,,1.26
718,TQBR,2023-10-17,LKOH,78993,11994355450.5,7347.5,7264.0,7394.0,7350.5,7384.5,1631765,,,0.67
719,TQBR,2023-10-18,LKOH,127679,19287541900.5,7399.0,7365.0,7535.0,7461.0,7488.0,2585069,,,1.4
720,TQBR,2023-10-19,LKOH,64360,7344739430.5,7480.0,7416.5,7495.0,7461.0,7486.0,984445,,,-0.03
721,TQBR,2023-10-20,LKOH,57085,7331130887.0,7499.5,7405.0,7509.5,7456.5,7491.5,982823,,,0.07
722,TQBR,2023-10-23,LKOH,55850,6435329390.0,7510.5,7452.5,7549.0,7494.5,7462.5,858639,,,-0.39
723,TQBR,2023-10-24,LKOH,47492,6097159788.0,7478.0,7417.0,7487.5,7448.5,7444.0,818518,,,-0.25
724,TQBR,2023-10-25,LKOH,81186,9703001231.0,7430.0,7207.0,7444.0,7368.0,7437.5,1316783,,,-0.09
725,TQBR,2023-10-26,LKOH,154268,21199150043.0,7455.0,7211.0,7498.0,7325.0,7228.5,2894431,,,-2.81
726,TQBR,2023-10-27,LKOH,99353,13143808612.0,7227.0,7136.5,7338.0,7248.5,7318.0,1813293,,,1.24
727,TQBR,2023-10-30,LKOH,56673,5590503605.5,7299.5,7228.0,7315.0,7263.5,7248.0,769661,,,-0.96
728,TQBR,2023-10-31,LKOH,66847,7324583067.5,7231.0,7107.0,7264.0,7165.5,7150.5,1022090,,,-1.35
729,TQBR,2023-11-01,LKOH,40579,4422248663.0,7152.0,7130.5,7266.0,7219.0,7240.0,612587,,,1.25
730,TQBR,2023-11-02,LKOH,33674,3464689242.0,7257.5,7217.0,7292.0,7259.5,7253.5,477286,,,0.19
731,TQBR,2023-11-03,LKOH,29997,2640865560.0,7268.0,7210.5,7278.0,7236.0,7238.0,364963,,,-0.21
732,TQBR,2023-11-06,LKOH,37962,4691426773.0,7243.0,7221.0,7387.5,7306.0,7376.0,642147,,,1.91
733,TQBR,2023-11-07,LKOH,42336,4365604413.5,7370.0,7295.5,7380.0,7338.5,7333.5,594815,,,-0.58
734,TQBR,2023-11-08,LKOH,45508,4242614703.0,7341.0,7277.0,7373.0,7321.0,7295.0,579529,,,-0.52
735,TQBR,2023-11-09,LKOH,44381,4272139882.0,7291.0,7221.0,7307.0,7264.5,7260.0,587978,,,-0.48
736,TQBR,2023-11-10,LKOH,38811,3613089648.5,7270.0,7238.5,7304.5,7272.0,7288.5,496782,,,0.39
737,TQBR,2023-11-13,LKOH,40807,3232073953.5,7296.0,7270.0,7325.0,7286.5,7277.5,443491,,,-0.15
738,TQBR,2023-11-14,LKOH,47108,4417222693.5,7285.0,7165.0,7285.0,7219.5,7200.0,611766,,,-1.06
739,TQBR,2023-11-15,LKOH,42616,4384254064.0,7184.0,7138.0,7257.0,7196.0,7224.0,609132,,,0.33
740,TQBR,2023-11-16,LKOH,42404,3989935421.5,7221.5,7120.5,7236.0,7176.0,7135.5,556002,,,-1.23
741,TQBR,2023-11-17,LKOH,45926,5469443818.0,7135.5,7080.5,7234.0,7156.0,7225.5,764211,,,1.26
742,TQBR,2023-11-20,LKOH,32985,3053218347.0,7225.5,7161.0,7226.0,7192.0,7194.5,424449,,,-0.43
743,TQBR,2023-11-21,LKOH,29013,3459120952.0,7180.5,7137.5,7216.0,7173.5,7209.0,482152,,,0.2
744,TQBR,2023-11-22,LKOH,43897,4927911800.5,7211.0,7207.0,7299.0,7272.5,7299.0,677597,,,1.25
745,TQBR,2023-11-23,LKOH,25250,2855176400.5,7301.0,7251.5,7330.0,7284.5,7258.0,391940,,,-0.56
746,TQBR,2023-11-24,LKOH,24894,3054082635.0,7262.0,7255.0,7320.0,7292.5,7295.0,418784,,,0.51
747,TQBR,2023-11-27,LKOH,42301,4427711087.5,7301.0,7212.0,7345.0,7273.5,7222.5,608767,,,-0.99
748,TQBR,2023-11-28,LKOH,25596,2897395247.0,7223.0,7161.0,7245.5,7204.5,7238.0,402137,,,0.21
749,TQBR,2023-11-29,LKOH,20422,2186359454.0,7229.0,7186.0,7238.0,7203.0,7202.0,303508,,,-0.5
750,TQBR,2023-11-30,LKOH,34332,4412087952.0,7205.5,7170.0,7285.5,7242.0,7239.0,609305,,,0.51
751,TQBR,2023-12-01,LKOH,29332,3542441636.5,7239.0,7162.5,7272.5,7213.5,7175.5,491058,,,-0.88
752,TQBR,2023-12-04,LKOH,37387,4788913271.0,7170.0,7110.5,7199.5,7149.0,7132.5,669869,,,-0.6
753,TQBR,2023-12-05,LKOH,34668,4011708213.5,7136.0,7136.0,7250.0,7199.0,7248.5,557087,,,1.63
754,TQBR,2023-12-06,LKOH,44700,4651215848.0,7269.0,7051.5,7275.0,7163.5,7138.0,649125,,,-1.52
755,TQBR,2023-12-07,LKOH,34357,3389576439.5,7145.0,7071.0,7173.0,7103.0,7092.0,477114,,,-0.64
756,TQBR,2023-12-08,LKOH,24803,3037811215.5,7119.0,7092.0,7173.0,7140.5,7140.0,425360,,,0.68
757,TQBR,2023-12-11,LKOH,62476,7226245836.5,7183.0,6929.0,7189.0,7041.0,6977.0,1026520,,,-2.28
758,TQBR,2023-12-12,LKOH,85988,9760700890.0,7000.0,6813.0,7100.0,6964.0,7014.5,1401749,,,0.54
759,TQBR,2023-12-13,LKOH,40222,4013886916.0,7000.0,6914.0,7062.5,7015.0,7043.5,572310,,,0.41
760,TQBR,2023-12-14,LKOH,69338,8501875338.5,7040.0,6850.5,7084.5,6945.0,6860.0,1224201,,,-2.61
761,TQBR,2023-12-15,LKOH,165833,15694991256.0,6397.0,6381.0,6632.0,6464.0,6560.0,2428092,,,-4.37
762,TQBR,2023-12-18,LKOH,75067,8404694444.0,6580.0,6526.0,6761.5,6647.5,6723.5,1264279,,,2.49
763,TQBR,2023-12-19,LKOH,40709,4564286692.5,6735.0,6690.0,6771.0,6718.5,6709.0,679319,,,-0.22
764,TQBR,2023-12-20,LKOH,49022,6625886529.5,6709.5,6696.0,6849.0,6769.0,6735.0,978865,,,0.39
765,TQBR,2023-12-21,LKOH,51371,6938357522.0,6730.0,6633.5,6774.0,6701.0,6702.0,1035385,,,-0.49
767,TQBR,2023-12-22,LKOH,36915,3665596022.5,6711.0,6708.5,6795.0,6757.5,6732.5,542520,,,0.46
768,TQBR,2023-12-25,LKOH,25442,2429499408.5,6748.0,6730.0,6784.0,6757.0,6744.0,359571,,,0.17
769,TQBR,2023-12-26,LKOH,30647,2916986787.5,6750.0,6720.0,6771.0,6747.0,6771.0,432323,,,0.4
770,TQBR,2023-12-27,LKOH,35826,3382380613.5,6773.0,6761.0,6840.0,6804.0,6768.0,497103,,,-0.04
771,TQBR,2023-12-28,LKOH,28748,2981552710.0,6767.5,6725.5,6802.5,6759.5,6767.0,441134,,,-0.01
772,TQBR,2023-12-29,LKOH,22799,1890360872.5,6784.0,6729.0,6784.0,6754.5,6739.0,279875,,,-0.41
773,TQBR,2024-01-03,LKOH,16391,1372507245.5,6774.0,6745.5,6805.0,6778.5,6803.5,202485,,,0.96
774,TQBR,2024-01-04,LKOH,17712,1244240299.5,6804.5,6763.5,6811.5,6784.0,6771.0,183411,,,-0.48
775,TQBR,2024-01-05,LKOH,11366,729658423.5,6771.5,6770.5,6794.5,6781.0,6780.0,107606,,,0.13
776,TQBR,2024-01-08,LKOH,20119,1463377928.0,6783.0,6756.0,6804.5,6782.5,6766.5,215760,,,-0.2
777,TQBR,2024-01-09,LKOH,44705,5812051156.0,6780.0,6750.5,6942.0,6864.0,6931.0,846711,,,2.43
778,TQBR,2024-01-10,LKOH,44733,4977477890.0,6935.0,6923.0,7023.0,6984.5,6957.0,712613,,,0.38
779,TQBR,2024-01-11,LKOH,27303,2950278954.5,6965.0,6930.5,6995.0,6965.0,6972.5,423594,,,0.22
780,TQBR,2024-01-12,LKOH,26574,2854221989.0,7005.0,6962.0,7011.0,6991.5,6965.0,408235,,,-0.11
781,TQBR,2024-01-15,LKOH,43844,3937548742.0,6950.0,6874.0,6968.5,6911.0,6889.5,569684,,,-1.08
782,TQBR,2024-01-16,LKOH,34262,3211522264.5,6884.5,6826.0,6885.5,6854.0,6857.0,468624,,,-0.47
783,TQBR,2024-01-17,LKOH,25042,2100605182.0,6859.5,6830.0,6919.5,6871.0,6910.0,305722,,,0.77
784,TQBR,2024-01-18,LKOH,25940,1925720882.5,6923.0,6846.0,6930.0,6883.5,6857.5,279760,,,-0.76
785,TQBR,2024-01-19,LKOH,25811,2301192109.0,6858.0,6800.5,6883.0,6843.0,6834.5,336358,,,-0.34
786,TQBR,2024-01-22,LKOH,16269,1371760083.0,6830.0,6815.5,6859.0,6840.5,6840.0,200555,,,0.08
787,TQBR,2024-01-23,LKOH,28331,2417796849.0,6840.0,6782.0,6850.0,6805.5,6799.5,355179,,,-0.59
788,TQBR,2024-01-24,LKOH,28956,3189411586.0,6798.0,6754.0,6828.0,6791.0,6795.0,469629,,,-0.07
789,TQBR,2024-01-25,LKOH,23355,2177749189.5,6810.5,6760.5,6819.5,6778.5,6809.0,321262,,,0.21
790,TQBR,2024-01-26,LKOH,40150,4640997419.0,6829.0,6801.0,6920.0,6864.0,6901.0,676152,,,1.35
791,TQBR,2024-01-29,LKOH,37209,4110070040.0,6918.0,6911.0,6975.0,6950.5,6943.0,591425,,,0.61
792,TQBR,2024-01-30,LKOH,41898,4537844505.5,6945.0,6933.0,7007.0,6982.5,6994.0,649956,,,0.73
793,TQBR,2024-01-31,LKOH,52914,6669626209.0,7000.0,7000.0,7122.0,7084.0,7090.5,941356,,,1.38
794,TQBR,2024-02-01,LKOH,36845,4084656193.0,7105.0,7059.0,7145.0,7095.0,7093.5,575655,,,0.04
795,TQBR,2024-02-02,LKOH,41400,4077562876.5,7094.0,7050.0,7127.0,7101.5,7114.0,574253,,,0.29
796,TQBR,2024-02-05,LKOH,36794,3833973277.5,7099.0,7094.0,7185.0,7143.5,7137.5,536657,,,0.33
797,TQBR,2024-02-06,LKOH,22648,2447432468.5,7145.0,7115.0,7171.0,7153.5,7163.0,342130,,,0.36
798,TQBR,2024-02-07,LKOH,40280,5646172199.0,7170.0,7160.5,7272.5,7226.0,7265.0,781313,,,1.42
799,TQBR,2024-02-08,LKOH,58351,4649052792.0,7272.0,7191.0,7288.0,7248.0,7231.5,641629,,,-0.46
800,TQBR,2024-02-09,LKOH,27781,2511326507.0,7232.0,7182.5,7260.0,7234.5,7238.5,347142,,,0.1
801,TQBR,2024-02-12,LKOH,21063,2284461195.0,7240.0,7223.0,7280.0,7252.0,7280.0,314983,,,0.57
802,TQBR,2024-02-13,LKOH,28953,3550810198.0,7297.0,7231.0,7311.0,7281.0,7269.0,487680,,,-0.15
803,TQBR,2024-02-14,LKOH,23390,2468547011.5,7275.0,7200.5,7283.0,7247.5,7220.5,340611,,,-0.67
804,TQBR,2024-02-15,LKOH,24831,2857860764.5,7205.0,7184.0,7295.0,7257.0,7282.5,393724,,,0.86
805,TQBR,2024-02-16,LKOH,33113,3691976534.5,7294.0,7205.0,7300.0,7248.0,7224.5,509615,,,-0.8
806,TQBR,2024-02-19,LKOH,31534,2893065603.5,7233.0,7187.5,7240.5,7208.5,7188.0,401308,,,-0.51
807,TQBR,2024-02-20,LKOH,50044,4925594727.5,7188.0,7070.5,7192.5,7140.0,7081.0,690280,,,-1.49
808,TQBR,2024-02-21,LKOH,73438,7418005622.0,7080.0,6962.0,7115.0,7020.5,6990.5,1056631,,,-1.28
809,TQBR,2024-02-22,LKOH,56826,4711677618.5,7000.5,6970.0,7040.0,7002.5,7021.5,672857,,,0.44
810,TQBR,2024-02-26,LKOH,41587,4376222449.5,7150.5,7103.5,7178.5,7141.5,7164.0,612660,,,2.03
811,TQBR,2024-02-27,LKOH,17735,2441390737.0,7159.5,7104.0,7163.0,7132.5,7141.5,342224,,,-0.31
812,TQBR,2024-02-28,LKOH,35607,5306222030.5,7155.0,7130.5,7276.0,7212.5,7261.5,735475,,,1.68
813,TQBR,2024-02-29,LKOH,55903,8352765169.0,7263.0,7220.0,7402.0,7311.5,7378.0,1141422,,,1.6
814,TQBR,2024-03-01,LKOH,54477,7209979106.5,7387.0,7372.5,7464.0,7416.0,7463.5,971874,,,1.16
815,TQBR,2024-03-04,LKOH,78745,14280512562.5,7477.5,7351.5,7534.0,7471.5,7511.5,1911151,,,0.64
816,TQBR,2024-03-05,LKOH,50853,7798224374.5,7515.0,7430.5,7544.5,7493.0,7499.5,1040586,,,-0.16
817,TQBR,2024-03-06,LKOH,41833,6449174077.0,7499.5,7470.0,7561.5,7517.0,7483.0,857869,,,-0.22
818,TQBR,2024-03-07,LKOH,23044,3193618714.5,7488.0,7457.0,7517.0,7488.0,7513.0,426452,,,0.4
819,TQBR,2024-03-11,LKOH,36713,4904561692.5,7537.0,7523.5,7592.5,7560.0,7554.5,648724,,,0.55
820,TQBR,2024-03-12,LKOH,61376,8368198283.5,7539.0,7481.5,7575.5,7527.0,7536.5,1111543,,,-0.24
821,TQBR,2024-03-13,LKOH,80719,9177460026.5,7538.0,7409.5,7554.5,7459.5,7426.0,1230308,,,-1.47
822,TQBR,2024-03-14,LKOH,85611,10237405866.0,7426.0,7320.0,7434.5,7365.5,7370.0,1389788,,,-0.75
823,TQBR,2024-03-15,LKOH,37148,5805478409.5,7365.5,7336.5,7404.0,7362.5,7380.0,788252,,,0.14
824,TQBR,2024-03-18,LKOH,38124,4429020792.0,7390.5,7309.5,7397.5,7354.5,7344.0,602099,,,-0.49
825,TQBR,2024-03-19,LKOH,73125,8488644049.5,7349.0,7250.0,7349.0,7310.0,7333.5,1161411,,,-0.14
826,TQBR,2024-03-20,LKOH,57057,8583791573.0,7338.5,7337.5,7460.0,7413.0,7438.5,1157982,,,1.43
827,TQBR,2024-03-21,LKOH,46500,4806375139.0,7450.0,7370.0,7454.5,7413.5,7417.5,648324,,,-0.28
829,TQBR,2024-03-22,LKOH,153555,25798186626.0,7420.0,7184.5,7538.0,7377.0,7303.0,3496776,,,-1.54
830,TQBR,2024-03-25,LKOH,45908,6470404680.0,7305.0,7303.0,7452.0,7374.0,7438.0,877301,,,1.85
831,TQBR,2024-03-26,LKOH,32678,4167015304.0,7454.5,7380.0,7455.0,7413.5,7419.0,562109,,,-0.26
832,TQBR,2024-03-27,LKOH,31389,3871127557.0,7425.5,7404.5,7497.0,7449.5,7493.0,519706,,,1.0
833,TQBR,2024-03-28,LKOH,45393,3728290013.0,7495.0,7430.5,7517.0,7473.5,7481.0,498911,,,-0.16
834,TQBR,2024-03-29,LKOH,38352,5309786123.5,7481.5,7460.0,7578.0,7529.5,7551.0,705061,,,0.94
835,TQBR,2024-04-01,LKOH,39852,5655560883.5,7574.0,7573.0,7666.0,7628.5,7665.0,741367,,,1.51
